Date,Total,Coronavirus
2020-03-19T12:52:34-05:00,129920,60
2020-03-19T18:05:51-05:00,129920,60
2020-03-19T18:10:35-05:00,129920,60
2020-03-19T18:11:21-05:00,129920,60
2020-03-19T18:41:27-05:00,129920,60
2020-03-19T19:11:33-05:00,129920,60
2020-03-19T19:41:39-05:00,129920,60
2020-03-19T20:11:45-05:00,129920,60
2020-03-19T20:41:51-05:00,129920,60
2020-03-19T21:11:57-05:00,129920,60
2020-03-19T21:42:03-05:00,129920,60
2020-03-19T22:12:09-05:00,130294,62
2020-03-19T22:42:15-05:00,130294,62
2020-03-19T22:18:18-05:00,130294,62
2020-03-19T23:21:00-05:00,130294,62
2020-03-19T23:51:06-05:00,130294,62
2020-03-20T00:21:12-05:00,130294,62
2020-03-20T00:51:18-05:00,130294,62
2020-03-20T01:21:24-05:00,130294,62
2020-03-20T01:51:30-05:00,130294,62
2020-03-20T02:21:36-05:00,130731,61
2020-03-20T02:51:43-05:00,130731,61
2020-03-20T03:21:49-05:00,130731,61
2020-03-20T03:51:55-05:00,130731,61
2020-03-20T04:22:01-05:00,130731,61
2020-03-20T04:52:07-05:00,130731,61
2020-03-20T05:22:13-05:00,130731,61
2020-03-20T05:52:19-05:00,130731,61
2020-03-20T06:22:25-05:00,131444,62
2020-03-20T06:52:34-05:00,131444,62
2020-03-20T07:22:41-05:00,131444,62
2020-03-20T07:52:47-05:00,131444,62
2020-03-20T08:22:53-05:00,131444,62
2020-03-20T08:53:00-05:00,131444,62
2020-03-20T09:23:06-05:00,131444,62
2020-03-20T09:53:12-05:00,131444,62
2020-03-20T10:23:18-05:00,132241,62
2020-03-20T10:53:24-05:00,132241,62
2020-03-20T11:23:30-05:00,132241,62
2020-03-20T11:53:36-05:00,132241,62
2020-03-20T12:23:42-05:00,132241,62
2020-03-20T12:53:48-05:00,132241,62
2020-03-20T13:23:54-05:00,132241,62
2020-03-20T13:54:00-05:00,132241,62
2020-03-20T14:24:07-05:00,133234,66
2020-03-20T14:54:13-05:00,133234,66
2020-03-20T15:24:19-05:00,133234,66
2020-03-20T15:54:25-05:00,133234,66
2020-03-20T16:24:31-05:00,133234,66
2020-03-20T16:54:37-05:00,133234,66
2020-03-20T17:24:43-05:00,133234,66
2020-03-20T17:54:49-05:00,133234,66
2020-03-20T18:24:57-05:00,134300,67
2020-03-20T18:55:03-05:00,134300,67
2020-03-20T19:25:09-05:00,134300,67
2020-03-20T19:55:15-05:00,134300,67
2020-03-20T20:25:22-05:00,134300,67
2020-03-20T20:55:28-05:00,134300,67
2020-03-20T21:25:34-05:00,134300,67
2020-03-20T21:55:40-05:00,134300,67
2020-03-20T22:25:47-05:00,135233,69
2020-03-20T22:55:54-05:00,135233,69
2020-03-20T23:26:00-05:00,135233,69
2020-03-20T23:56:06-05:00,135233,69
2020-03-21T00:26:12-05:00,135233,69
2020-03-21T00:56:18-05:00,135233,69
2020-03-21T01:26:24-05:00,135233,69
2020-03-21T01:56:30-05:00,135233,69
2020-03-21T02:26:38-05:00,136127,70
2020-03-21T02:56:44-05:00,136127,70
2020-03-21T03:26:50-05:00,136127,70
2020-03-21T03:56:56-05:00,136127,70
2020-03-21T04:27:02-05:00,136127,70
2020-03-21T04:57:08-05:00,136127,70
2020-03-21T05:27:14-05:00,136127,70
2020-03-21T05:57:20-05:00,136127,70
2020-03-21T06:27:27-05:00,137024,71
2020-03-21T06:57:33-05:00,137024,71
2020-03-21T07:27:39-05:00,137024,71
2020-03-21T07:57:45-05:00,137024,71
2020-03-21T08:27:51-05:00,137024,71
2020-03-21T08:57:57-05:00,137024,71
2020-03-21T09:28:03-05:00,137024,71
2020-03-21T09:58:09-05:00,137024,71
2020-03-21T10:28:16-05:00,137874,72
2020-03-21T10:58:23-05:00,137874,72
2020-03-21T11:28:29-05:00,137874,72
2020-03-21T11:58:35-05:00,137874,72
2020-03-21T12:28:41-05:00,137874,72
2020-03-21T12:58:47-05:00,137874,72
2020-03-21T13:28:53-05:00,137874,72
2020-03-21T13:58:59-05:00,137874,72
2020-03-21T14:29:07-05:00,138876,75
2020-03-21T14:59:13-05:00,138876,75
2020-03-21T15:29:19-05:00,138876,75
2020-03-21T15:59:56-05:00,138876,75
2020-03-21T16:30:02-05:00,138876,75
2020-03-21T17:00:08-05:00,138876,75
2020-03-21T17:30:14-05:00,138876,75
2020-03-21T18:00:20-05:00,138876,75
2020-03-21T18:30:26-05:00,139823,76
2020-03-21T19:00:32-05:00,139823,76
2020-03-21T19:30:38-05:00,139823,76
2020-03-21T20:00:44-05:00,139823,76
2020-03-21T20:30:50-05:00,139823,76
2020-03-21T21:00:56-05:00,139823,76
2020-03-21T21:31:02-05:00,139823,76
2020-03-21T22:01:08-05:00,139823,76
2020-03-21T22:31:14-05:00,140747,77
2020-03-21T23:01:21-05:00,140747,77
2020-03-21T23:31:27-05:00,140747,77
2020-03-22T00:01:33-05:00,140747,77
2020-03-22T00:31:39-05:00,140747,77
2020-03-22T01:01:45-05:00,140747,77
2020-03-22T01:31:51-05:00,140747,77
2020-03-22T02:02:01-05:00,141436,79
2020-03-22T02:32:07-05:00,141436,79
2020-03-22T03:02:13-05:00,141436,79
2020-03-22T03:32:19-05:00,141436,79
2020-03-22T04:02:25-05:00,141436,79
2020-03-22T04:32:31-05:00,141436,79
2020-03-22T05:02:37-05:00,141436,79
2020-03-22T05:32:43-05:00,141436,79
2020-03-22T06:02:50-05:00,142368,82
2020-03-22T06:32:56-05:00,142368,82
2020-03-22T07:03:02-05:00,142368,82
2020-03-22T07:33:08-05:00,142368,82
2020-03-22T08:03:14-05:00,142368,82
2020-03-22T08:33:20-05:00,142368,82
2020-03-22T09:03:26-05:00,142368,82
2020-03-22T09:33:32-05:00,142368,82
2020-03-22T10:03:39-05:00,143348,85
2020-03-22T10:33:45-05:00,143348,85
2020-03-22T11:03:51-05:00,143348,85
2020-03-22T11:33:57-05:00,143348,85
2020-03-22T12:04:03-05:00,143348,85
2020-03-22T12:34:09-05:00,143348,85
2020-03-22T13:04:15-05:00,143348,85
2020-03-22T13:34:21-05:00,143348,85
2020-03-22T14:04:30-05:00,144448,86
2020-03-22T14:34:36-05:00,144448,86
2020-03-22T15:04:42-05:00,144448,86
2020-03-22T15:34:48-05:00,144448,86
2020-03-22T16:04:54-05:00,144448,86
2020-03-22T16:35:00-05:00,144448,86
2020-03-22T17:05:06-05:00,144448,86
2020-03-22T17:35:12-05:00,144448,86
2020-03-22T18:05:19-05:00,145615,89
2020-03-22T18:35:25-05:00,145615,89
2020-03-22T19:05:31-05:00,145615,89
2020-03-22T19:35:37-05:00,145615,89
2020-03-22T20:05:43-05:00,145615,89
2020-03-22T20:35:49-05:00,145615,89
2020-03-22T21:05:57-05:00,145615,89
2020-03-22T21:36:03-05:00,145615,89
2020-03-22T22:06:12-05:00,146596,91
2020-03-22T22:36:18-05:00,146596,91
2020-03-22T23:06:24-05:00,146596,91
2020-03-22T23:36:30-05:00,146596,91
2020-03-23T00:06:36-05:00,146596,91
2020-03-23T00:36:42-05:00,146596,91
2020-03-23T01:06:48-05:00,146596,91
2020-03-23T01:36:54-05:00,146596,91
2020-03-23T02:07:11-05:00,147430,91
2020-03-23T02:37:17-05:00,147430,91
2020-03-23T03:07:23-05:00,147430,91
2020-03-23T03:37:29-05:00,147430,91
2020-03-23T04:07:35-05:00,147430,91
2020-03-23T04:37:41-05:00,147430,91
2020-03-23T05:07:47-05:00,147430,91
2020-03-23T05:37:53-05:00,147430,91
2020-03-23T06:08:02-05:00,148336,93
2020-03-23T06:38:09-05:00,148336,93
2020-03-23T07:08:15-05:00,148336,93
2020-03-23T07:38:21-05:00,148336,93
2020-03-23T08:08:27-05:00,148336,93
2020-03-23T08:38:33-05:00,148336,93
2020-03-23T09:08:39-05:00,148336,93
2020-03-23T09:38:45-05:00,148336,93
2020-03-23T10:08:52-05:00,149252,95
2020-03-23T10:38:58-05:00,149252,95
2020-03-23T11:09:04-05:00,149252,95
2020-03-23T11:39:10-05:00,149252,95
2020-03-23T12:09:16-05:00,149252,95
2020-03-23T12:39:22-05:00,149252,95
2020-03-23T13:09:28-05:00,149252,95
2020-03-23T13:39:34-05:00,149252,95
2020-03-23T14:09:42-05:00,150286,96
2020-03-23T14:39:49-05:00,150286,96
2020-03-23T15:09:55-05:00,150286,96
2020-03-23T15:40:01-05:00,150286,96
2020-03-23T16:10:07-05:00,150286,96
2020-03-23T16:40:13-05:00,150286,96
2020-03-23T17:10:19-05:00,150286,96
2020-03-23T17:40:25-05:00,150286,96
2020-03-23T18:10:35-05:00,151387,100
2020-03-23T18:40:41-05:00,151387,100
2020-03-23T19:10:47-05:00,151387,100
2020-03-23T19:40:53-05:00,151387,100
2020-03-23T20:11:00-05:00,151387,100
2020-03-23T20:41:06-05:00,151387,100
2020-03-23T21:11:12-05:00,151387,100
2020-03-23T21:41:18-05:00,151387,100
2020-03-23T22:11:29-05:00,152251,100
2020-03-23T22:41:35-05:00,152251,100
2020-03-23T23:11:41-05:00,152251,100
2020-03-23T23:41:47-05:00,152251,100
2020-03-24T00:11:53-05:00,152251,100
2020-03-24T00:41:59-05:00,152251,100
2020-03-24T01:12:05-05:00,152251,100
2020-03-24T01:42:11-05:00,152251,100
2020-03-24T02:12:19-05:00,153153,99
2020-03-24T02:42:25-05:00,153153,99
2020-03-24T03:12:31-05:00,153153,99
2020-03-24T03:42:37-05:00,153153,99
2020-03-24T04:12:43-05:00,153153,99
2020-03-24T04:42:49-05:00,153153,99
2020-03-24T05:12:55-05:00,153153,99
2020-03-24T05:43:01-05:00,153153,99
2020-03-24T06:13:08-05:00,154041,102
2020-03-24T06:43:14-05:00,154041,102
2020-03-24T07:13:20-05:00,154041,102
2020-03-24T07:43:26-05:00,154041,102
2020-03-24T08:13:32-05:00,154041,102
2020-03-24T08:43:38-05:00,154041,102
2020-03-24T09:13:44-05:00,154041,102
2020-03-24T09:43:50-05:00,154041,102
2020-03-24T10:13:58-05:00,154964,102
2020-03-24T10:44:04-05:00,154964,102
2020-03-24T11:14:10-05:00,154964,102
2020-03-24T11:44:16-05:00,154964,102
2020-03-24T12:14:22-05:00,154964,102
2020-03-24T12:44:28-05:00,154964,102
2020-03-24T13:14:34-05:00,154964,102
2020-03-24T13:44:40-05:00,154964,102
2020-03-24T14:14:50-05:00,155966,105
2020-03-24T14:44:56-05:00,155966,105
2020-03-24T15:15:02-05:00,155966,105
2020-03-24T15:45:08-05:00,155966,105
2020-03-24T16:15:15-05:00,155966,105
2020-03-24T16:45:21-05:00,155966,105
2020-03-24T17:15:27-05:00,155966,105
2020-03-24T17:45:33-05:00,155966,105
2020-03-24T18:15:41-05:00,156991,107
2020-03-24T18:45:48-05:00,156991,107
2020-03-24T19:15:54-05:00,156991,107
2020-03-24T19:46:00-05:00,156991,107
2020-03-24T20:16:06-05:00,156991,107
2020-03-24T20:46:12-05:00,156991,107
2020-03-24T21:16:18-05:00,156991,107
2020-03-24T21:46:24-05:00,156991,107
2020-03-24T22:16:31-05:00,157851,110
2020-03-24T22:46:37-05:00,157851,110
2020-03-24T23:16:43-05:00,157851,110
2020-03-24T23:46:49-05:00,157851,110
2020-03-25T00:16:55-05:00,157851,110
2020-03-25T00:47:01-05:00,157851,110
2020-03-25T01:17:07-05:00,157851,110
2020-03-25T01:47:14-05:00,157851,110
2020-03-25T02:17:22-05:00,157737,111
2020-03-25T02:47:28-05:00,157737,111
2020-03-25T03:17:34-05:00,157737,111
2020-03-25T03:47:40-05:00,157737,111
2020-03-25T04:17:46-05:00,157737,111
2020-03-25T04:47:52-05:00,157737,111
2020-03-25T05:17:58-05:00,157737,111
2020-03-25T05:48:04-05:00,157737,111
2020-03-25T06:18:11-05:00,158656,111
2020-03-25T06:48:17-05:00,158656,111
2020-03-25T07:18:23-05:00,158656,111
2020-03-25T07:48:29-05:00,158656,111
2020-03-25T08:18:35-05:00,158656,111
2020-03-25T08:48:41-05:00,158656,111
2020-03-25T09:18:47-05:00,158656,111
2020-03-25T09:48:53-05:00,158656,111
2020-03-25T10:19:00-05:00,159600,112
2020-03-25T10:49:06-05:00,159600,112
2020-03-25T11:19:12-05:00,159600,112
2020-03-25T11:49:18-05:00,159600,112
2020-03-25T12:19:24-05:00,159600,112
2020-03-25T12:49:30-05:00,159600,112
2020-03-25T13:19:36-05:00,159600,112
2020-03-25T13:49:42-05:00,159600,112
2020-03-25T14:19:51-05:00,160619,114
2020-03-25T14:49:57-05:00,160619,114
2020-03-25T15:20:03-05:00,160619,114
2020-03-25T15:50:09-05:00,160619,114
2020-03-25T16:20:15-05:00,160619,114
2020-03-25T16:50:21-05:00,160619,114
2020-03-25T17:20:27-05:00,160619,114
2020-03-25T17:50:33-05:00,160619,114
2020-03-25T18:20:41-05:00,161711,116
2020-03-25T18:50:48-05:00,161711,116
2020-03-25T19:20:54-05:00,161711,116
2020-03-25T19:51:00-05:00,161711,116
2020-03-25T20:21:06-05:00,161711,116
2020-03-25T20:51:12-05:00,161711,116
2020-03-25T21:21:18-05:00,161711,116
2020-03-25T21:51:24-05:00,161711,116
2020-03-25T22:21:30-05:00,162238,118
2020-03-25T22:51:36-05:00,162238,118
2020-03-25T23:21:42-05:00,162238,118
2020-03-25T23:51:48-05:00,162238,118
2020-03-26T00:21:54-05:00,162238,118
2020-03-26T00:52:00-05:00,162238,118
2020-03-26T01:22:06-05:00,162238,118
2020-03-26T01:52:12-05:00,162238,118
2020-03-26T02:22:25-05:00,161543,120
2020-03-26T02:52:31-05:00,161543,120
2020-03-26T03:22:37-05:00,161543,120
2020-03-26T03:52:43-05:00,161543,120
2020-03-26T04:22:49-05:00,161543,120
2020-03-26T04:52:55-05:00,161543,120
2020-03-26T05:23:01-05:00,161543,120
2020-03-26T05:53:07-05:00,161543,120
2020-03-26T06:23:13-05:00,162495,123
2020-03-26T06:53:20-05:00,162495,123
2020-03-26T07:23:26-05:00,162495,123
2020-03-26T07:53:32-05:00,162495,123
2020-03-26T08:23:39-05:00,162495,123
2020-03-26T08:53:45-05:00,162495,123
2020-03-26T09:23:51-05:00,162495,123
2020-03-26T09:53:57-05:00,162495,123
2020-03-26T10:24:04-05:00,163441,123
2020-03-26T10:54:10-05:00,163441,123
2020-03-26T11:24:16-05:00,163441,123
2020-03-26T11:54:22-05:00,163441,123
2020-03-26T12:24:28-05:00,163441,123
2020-03-26T12:54:34-05:00,163441,123
2020-03-26T13:24:40-05:00,163441,123
2020-03-26T13:54:46-05:00,163441,123
2020-03-26T14:24:56-05:00,164415,128
2020-03-26T14:55:03-05:00,164415,128
2020-03-26T15:25:09-05:00,164415,128
2020-03-26T15:55:15-05:00,164415,128
2020-03-26T16:25:24-05:00,164415,128
2020-03-26T16:55:31-05:00,164415,128
2020-03-26T17:25:37-05:00,164415,128
2020-03-26T17:55:43-05:00,164415,128
2020-03-26T18:25:50-05:00,165392,129
2020-03-26T18:55:56-05:00,165392,129
2020-03-26T19:26:02-05:00,165392,129
2020-03-26T19:56:08-05:00,165392,129
2020-03-26T20:26:14-05:00,165392,129
2020-03-26T20:56:20-05:00,165392,129
2020-03-26T21:26:26-05:00,165392,129
2020-03-26T21:56:32-05:00,165392,129
2020-03-26T22:26:38-05:00,165929,133
2020-03-26T22:56:44-05:00,165929,133
2020-03-26T23:26:50-05:00,165929,133
2020-03-26T23:56:56-05:00,165929,133
2020-03-27T00:27:02-05:00,165929,133
2020-03-27T00:57:08-05:00,165929,133
2020-03-27T01:27:14-05:00,165929,133
2020-03-27T01:57:20-05:00,165929,133
2020-03-27T02:27:27-05:00,164585,133
2020-03-27T02:57:34-05:00,164585,133
2020-03-27T03:27:43-05:00,164585,133
2020-03-27T03:57:49-05:00,164585,133
2020-03-27T04:27:55-05:00,164585,133
2020-03-27T04:58:01-05:00,164585,133
2020-03-27T05:28:07-05:00,164585,133
2020-03-27T05:58:13-05:00,164585,133
2020-03-27T06:28:19-05:00,165473,134
2020-03-27T06:58:25-05:00,165473,134
2020-03-27T07:28:31-05:00,165473,134
2020-03-27T07:58:37-05:00,165473,134
2020-03-27T08:28:44-05:00,165473,134
2020-03-27T08:58:50-05:00,165473,134
2020-03-27T09:28:56-05:00,165473,134
2020-03-27T09:59:03-05:00,165473,134
2020-03-27T10:30:09-05:00,,
2020-03-27T11:00:16-05:00,166153,135
2020-03-27T11:30:22-05:00,166153,135
2020-03-27T12:00:28-05:00,166153,135
2020-03-27T12:30:34-05:00,166153,135
2020-03-27T13:00:40-05:00,166153,135
2020-03-27T13:30:46-05:00,166153,135
2020-03-27T14:00:52-05:00,166153,135
2020-03-27T14:30:58-05:00,166153,135
2020-03-27T15:01:04-05:00,167056,136
2020-03-27T15:31:10-05:00,167056,136
2020-03-27T16:01:16-05:00,167056,136
2020-03-27T16:31:22-05:00,167056,136
2020-03-27T17:01:28-05:00,167056,136
2020-03-27T17:31:34-05:00,167056,136
2020-03-27T18:01:40-05:00,167056,136
2020-03-27T18:31:46-05:00,167056,136
2020-03-27T19:01:53-05:00,168008,137
2020-03-27T19:31:59-05:00,168008,137
2020-03-27T20:02:05-05:00,168008,137
2020-03-27T20:32:11-05:00,168008,137
2020-03-27T21:02:17-05:00,168008,137
2020-03-27T21:32:23-05:00,168008,137
2020-03-27T22:02:29-05:00,168008,137
2020-03-27T22:32:35-05:00,168008,137
2020-03-27T23:02:42-05:00,168502,138
2020-03-27T23:32:48-05:00,168502,138
2020-03-28T00:02:54-05:00,168502,138
2020-03-28T00:33:00-05:00,168502,138
2020-03-28T01:03:06-05:00,168502,138
2020-03-28T01:33:12-05:00,168502,138
2020-03-28T02:03:21-05:00,166840,140
2020-03-28T02:33:27-05:00,166840,140
2020-03-28T03:03:33-05:00,166840,140
2020-03-28T03:33:39-05:00,166840,140
2020-03-28T04:03:45-05:00,166840,140
2020-03-28T04:33:51-05:00,166840,140
2020-03-28T05:03:57-05:00,166840,140
2020-03-28T05:34:03-05:00,166840,140
2020-03-28T06:04:09-05:00,167742,143
2020-03-28T06:34:16-05:00,167742,143
2020-03-28T07:04:22-05:00,167742,143
2020-03-28T07:34:28-05:00,167742,143
2020-03-28T08:04:34-05:00,167742,143
2020-03-28T08:34:40-05:00,167742,143
2020-03-28T09:04:46-05:00,167742,143
2020-03-28T09:34:52-05:00,167742,143
2020-03-28T10:04:58-05:00,168708,145
2020-03-28T10:35:05-05:00,168708,145
2020-03-28T11:05:11-05:00,168708,145
2020-03-28T11:35:17-05:00,168708,145
2020-03-28T12:05:23-05:00,168708,145
2020-03-28T12:35:29-05:00,168708,145
2020-03-28T13:05:35-05:00,168708,145
2020-03-28T13:35:41-05:00,168708,145
2020-03-28T14:05:47-05:00,169749,146
2020-03-28T14:35:53-05:00,169749,146
2020-03-28T15:05:59-05:00,169749,146
2020-03-28T15:36:05-05:00,169749,146
2020-03-28T16:06:11-05:00,169749,146
2020-03-28T16:36:17-05:00,169749,146
2020-03-28T17:06:23-05:00,169749,146
2020-03-28T17:36:29-05:00,169749,146
2020-03-28T18:06:36-05:00,170903,148
2020-03-28T18:36:42-05:00,170903,148
2020-03-28T19:06:48-05:00,170903,148
2020-03-28T19:36:54-05:00,170903,148
2020-03-28T20:07:00-05:00,170903,148
2020-03-28T20:37:06-05:00,170903,148
2020-03-28T21:07:12-05:00,170903,148
2020-03-28T21:37:18-05:00,170903,148
2020-03-28T22:07:26-05:00,171560,152
2020-03-28T22:37:32-05:00,171560,152
2020-03-28T23:07:38-05:00,171560,152
2020-03-28T23:37:44-05:00,171560,152
2020-03-29T00:07:50-05:00,171560,152
2020-03-29T00:37:56-05:00,171560,152
2020-03-29T01:08:02-05:00,171560,152
2020-03-29T01:38:09-05:00,171560,152
2020-03-29T02:08:16-05:00,170245,153
2020-03-29T02:38:23-05:00,170245,153
2020-03-29T03:08:29-05:00,170245,153
2020-03-29T03:38:35-05:00,170245,153
2020-03-29T04:08:41-05:00,170245,153
2020-03-29T04:38:47-05:00,170245,153
2020-03-29T05:08:53-05:00,170245,153
2020-03-29T05:38:59-05:00,170245,153
2020-03-29T06:09:06-05:00,171216,155
2020-03-29T06:39:12-05:00,171216,155
2020-03-29T07:09:18-05:00,171216,155
2020-03-29T07:39:24-05:00,171216,155
2020-03-29T08:09:30-05:00,171216,155
2020-03-29T08:39:36-05:00,171216,155
2020-03-29T09:09:42-05:00,171216,155
2020-03-29T09:39:48-05:00,171216,155
2020-03-29T10:09:55-05:00,172139,156
2020-03-29T10:40:01-05:00,172139,156
2020-03-29T11:10:07-05:00,172139,156
2020-03-29T11:40:13-05:00,172139,156
2020-03-29T12:10:19-05:00,172139,156
2020-03-29T12:40:25-05:00,172139,156
2020-03-29T13:10:31-05:00,172139,156
2020-03-29T13:40:37-05:00,172139,156
2020-03-29T14:10:44-05:00,173197,159
2020-03-29T14:40:50-05:00,173197,159
2020-03-29T15:10:57-05:00,173197,159
2020-03-29T15:41:03-05:00,173197,159
2020-03-29T16:11:09-05:00,173197,159
2020-03-29T16:41:15-05:00,173197,159
2020-03-29T17:11:21-05:00,173197,159
2020-03-29T17:41:27-05:00,173197,159
2020-03-29T18:12:33-05:00,,
2020-03-29T18:42:40-05:00,174149,161
2020-03-29T19:12:47-05:00,174149,161
2020-03-29T19:42:53-05:00,174149,161
2020-03-29T20:12:59-05:00,174149,161
2020-03-29T20:43:05-05:00,174149,161
2020-03-29T21:13:11-05:00,174149,161
2020-03-29T21:43:17-05:00,174149,161
2020-03-29T22:13:23-05:00,174149,161
2020-03-29T22:43:29-05:00,173685,161
2020-03-29T23:13:35-05:00,173685,161
2020-03-29T23:43:41-05:00,173685,161
2020-03-30T00:13:47-05:00,173685,161
2020-03-30T00:43:53-05:00,173685,161
2020-03-30T01:13:59-05:00,173685,161
2020-03-30T01:44:05-05:00,173685,161
2020-03-30T02:14:11-05:00,173685,161
2020-03-30T02:45:17-05:00,,
2020-03-30T03:15:23-05:00,173205,161
2020-03-30T03:45:29-05:00,173205,161
2020-03-30T04:15:35-05:00,173205,161
2020-03-30T04:45:41-05:00,173205,161
2020-03-30T05:15:47-05:00,173205,161
2020-03-30T05:45:53-05:00,173205,161
2020-03-30T06:15:59-05:00,173205,161
2020-03-30T06:46:05-05:00,173205,161
2020-03-30T07:16:12-05:00,172725,161
2020-03-30T07:46:18-05:00,172725,161
2020-03-30T08:16:24-05:00,172725,161
2020-03-30T08:46:30-05:00,172725,161
2020-03-30T09:16:36-05:00,172725,161
2020-03-30T09:46:42-05:00,172725,161
2020-03-30T10:16:48-05:00,172725,161
2020-03-30T10:46:54-05:00,172725,161
2020-03-30T11:17:00-05:00,172587,162
2020-03-30T11:47:07-05:00,172587,162
2020-03-30T12:17:13-05:00,172587,162
2020-03-30T12:47:19-05:00,172587,162
2020-03-30T13:17:25-05:00,172587,162
2020-03-30T13:47:31-05:00,172587,162
2020-03-30T14:17:37-05:00,172587,162
2020-03-30T14:47:43-05:00,172587,162
2020-03-30T15:17:49-05:00,172949,163
2020-03-30T15:47:56-05:00,172949,163
2020-03-30T16:18:02-05:00,172949,163
2020-03-30T16:48:08-05:00,172949,163
2020-03-30T17:18:14-05:00,172949,163
2020-03-30T17:48:20-05:00,172949,163
2020-03-30T18:18:26-05:00,172949,163
2020-03-30T18:48:32-05:00,172949,163
2020-03-30T19:18:41-05:00,173380,163
2020-03-30T19:48:47-05:00,173380,163
2020-03-30T20:18:53-05:00,173380,163
2020-03-30T20:48:59-05:00,173380,163
2020-03-30T21:19:05-05:00,173380,163
2020-03-30T21:49:11-05:00,173380,163
2020-03-30T22:19:17-05:00,173380,163
2020-03-30T22:49:23-05:00,173380,163
2020-03-30T23:19:29-05:00,173768,165
2020-03-30T23:49:36-05:00,173768,165
2020-03-31T00:19:42-05:00,173768,165
2020-03-31T00:49:48-05:00,173768,165
2020-03-31T01:19:54-05:00,173768,165
2020-03-31T01:50:00-05:00,173768,165
2020-03-31T02:20:06-05:00,173768,165
2020-03-31T02:50:12-05:00,173768,165
2020-03-31T03:20:19-05:00,174139,165
2020-03-31T03:50:26-05:00,174139,165
2020-03-31T04:20:32-05:00,174139,165
2020-03-31T04:50:38-05:00,174139,165
2020-03-31T05:20:44-05:00,174139,165
2020-03-31T05:50:50-05:00,174139,165
2020-03-31T06:20:56-05:00,174139,165
2020-03-31T06:51:02-05:00,174139,165
2020-03-31T07:21:09-05:00,174559,166
2020-03-31T07:51:15-05:00,174559,166
2020-03-31T08:21:21-05:00,174559,166
2020-03-31T08:51:27-05:00,174559,166
2020-03-31T09:21:33-05:00,174559,166
2020-03-31T09:51:39-05:00,174559,166
2020-03-31T10:21:45-05:00,174559,166
2020-03-31T10:51:51-05:00,174559,166
2020-03-31T11:22:03-05:00,175039,167
2020-03-31T11:52:09-05:00,175039,167
2020-03-31T12:22:15-05:00,175039,167
2020-03-31T12:52:21-05:00,175039,167
2020-03-31T13:22:27-05:00,175039,167
2020-03-31T13:52:33-05:00,175039,167
2020-03-31T14:22:39-05:00,175039,167
2020-03-31T14:52:45-05:00,175039,167
2020-03-31T15:22:53-05:00,175524,168
2020-03-31T15:52:59-05:00,175524,168
2020-03-31T16:23:05-05:00,175524,168
2020-03-31T16:53:11-05:00,175524,168
2020-03-31T17:23:19-05:00,175524,168
2020-03-31T17:53:25-05:00,175524,168
2020-03-31T18:23:31-05:00,175524,168
2020-03-31T18:53:37-05:00,175524,168
2020-03-31T19:23:45-05:00,175991,168
2020-03-31T19:53:51-05:00,175991,168
2020-03-31T20:23:57-05:00,175991,168
2020-03-31T20:54:03-05:00,175991,168
2020-03-31T21:24:09-05:00,175991,168
2020-03-31T21:54:15-05:00,175991,168
2020-03-31T22:24:21-05:00,175991,168
2020-03-31T22:54:27-05:00,175991,168
2020-03-31T23:24:35-05:00,176329,171
2020-03-31T23:54:41-05:00,176329,171
2020-04-01T00:24:47-05:00,176329,171
2020-04-01T00:54:53-05:00,176329,171
2020-04-01T01:24:59-05:00,176329,171
2020-04-01T01:55:05-05:00,176329,171
2020-04-01T02:25:11-05:00,,
2020-04-01T02:55:18-05:00,176597,172
2020-04-01T03:25:24-05:00,176597,172
2020-04-01T03:55:30-05:00,176597,172
2020-04-01T04:25:36-05:00,176597,172
2020-04-01T04:55:42-05:00,176597,172
2020-04-01T05:25:48-05:00,176597,172
2020-04-01T05:55:54-05:00,176597,172
2020-04-01T06:26:00-05:00,176597,172
2020-04-01T06:56:07-05:00,176997,171
2020-04-01T07:26:13-05:00,176997,171
2020-04-01T07:56:19-05:00,176997,171
2020-04-01T08:26:25-05:00,176997,171
2020-04-01T08:56:31-05:00,176997,171
2020-04-01T09:26:37-05:00,176997,171
2020-04-01T09:56:43-05:00,176997,171
2020-04-01T10:26:49-05:00,176997,171
2020-04-01T10:56:55-05:00,177408,170
2020-04-01T11:27:01-05:00,177408,170
2020-04-01T11:57:07-05:00,177408,170
2020-04-01T12:27:13-05:00,177408,170
2020-04-01T12:57:19-05:00,177408,170
2020-04-01T13:27:25-05:00,177408,170
2020-04-01T13:57:31-05:00,177408,170
2020-04-01T14:27:37-05:00,177408,170
2020-04-01T14:57:44-05:00,177924,173
2020-04-01T15:27:51-05:00,177924,173
2020-04-01T15:57:57-05:00,177924,173
2020-04-01T16:28:03-05:00,177924,173
2020-04-01T16:58:09-05:00,177924,173
2020-04-01T17:28:15-05:00,177924,173
2020-04-01T17:58:21-05:00,177924,173
2020-04-01T18:28:27-05:00,177924,173
2020-04-01T18:58:33-05:00,178453,174
2020-04-01T19:28:40-05:00,178453,174
2020-04-01T19:58:46-05:00,178453,174
2020-04-01T20:28:52-05:00,178453,174
2020-04-01T20:58:58-05:00,178453,174
2020-04-01T21:29:04-05:00,178453,174
2020-04-01T21:59:10-05:00,178453,174
2020-04-01T22:29:16-05:00,178453,174
2020-04-01T22:59:29-05:00,178922,174
2020-04-01T23:29:35-05:00,178922,174
2020-04-01T23:59:41-05:00,178922,174
2020-04-02T00:29:47-05:00,178922,174
2020-04-02T00:59:53-05:00,178922,174
2020-04-02T01:29:59-05:00,178922,174
2020-04-02T02:00:13-05:00,179289,173
2020-04-02T02:30:19-05:00,179289,173
2020-04-02T03:00:25-05:00,179289,173
2020-04-02T03:30:31-05:00,179289,173
2020-04-02T04:00:37-05:00,179289,173
2020-04-02T04:30:43-05:00,179289,173
2020-04-02T05:00:49-05:00,179289,173
2020-04-02T05:30:55-05:00,179289,173
2020-04-02T06:01:01-05:00,180102,174
2020-04-02T06:31:08-05:00,180102,174
2020-04-02T07:01:14-05:00,180102,174
2020-04-02T07:31:20-05:00,180102,174
2020-04-02T08:01:26-05:00,180102,174
2020-04-02T08:31:32-05:00,180102,174
2020-04-02T09:01:38-05:00,180102,174
2020-04-02T09:31:44-05:00,180102,174
2020-04-02T10:01:59-05:00,180911,174
2020-04-02T10:32:05-05:00,180911,174
2020-04-02T11:02:11-05:00,180911,174
2020-04-02T11:32:17-05:00,180911,174
2020-04-02T12:02:23-05:00,180911,174
2020-04-02T12:32:29-05:00,180911,174
2020-04-02T13:02:35-05:00,180911,174
2020-04-02T13:32:41-05:00,180911,174
2020-04-02T14:02:47-05:00,181743,174
2020-04-02T14:32:53-05:00,181743,174
2020-04-02T15:02:59-05:00,181743,174
2020-04-02T15:33:05-05:00,181743,174
2020-04-02T16:03:11-05:00,181743,174
2020-04-02T16:33:17-05:00,181743,174
2020-04-02T17:03:23-05:00,181743,174
2020-04-02T17:33:29-05:00,181743,174
2020-04-02T18:03:38-05:00,182647,174
2020-04-02T18:33:44-05:00,182647,174
2020-04-02T19:03:50-05:00,182647,174
2020-04-02T19:33:56-05:00,182647,174
2020-04-02T20:04:02-05:00,182647,174
2020-04-02T20:34:08-05:00,182647,174
2020-04-02T21:04:14-05:00,182647,174
2020-04-02T21:34:20-05:00,182647,174
2020-04-02T22:04:33-05:00,183406,175
2020-04-02T22:34:39-05:00,183406,175
2020-04-02T23:04:45-05:00,183406,175
2020-04-02T23:34:51-05:00,183406,175
2020-04-03T00:04:57-05:00,183406,175
2020-04-03T00:35:03-05:00,183406,175
2020-04-03T01:05:09-05:00,183406,175
2020-04-03T01:35:15-05:00,183406,175
2020-04-03T02:05:24-05:00,184197,176
2020-04-03T02:35:30-05:00,184197,176
2020-04-03T03:05:36-05:00,184197,176
2020-04-03T03:35:42-05:00,184197,176
2020-04-03T04:05:48-05:00,184197,176
2020-04-03T04:35:54-05:00,184197,176
2020-04-03T05:06:00-05:00,184197,176
2020-04-03T05:36:06-05:00,184197,176
2020-04-03T06:06:16-05:00,184999,178
2020-04-03T06:36:22-05:00,184999,178
2020-04-03T07:06:28-05:00,184999,178
2020-04-03T07:36:34-05:00,184999,178
2020-04-03T08:06:40-05:00,184999,178
2020-04-03T08:36:46-05:00,184999,178
2020-04-03T09:06:52-05:00,184999,178
2020-04-03T09:36:58-05:00,184999,178
2020-04-03T10:07:07-05:00,185726,179
2020-04-03T10:37:13-05:00,185726,179
2020-04-03T11:07:19-05:00,185726,179
2020-04-03T11:37:25-05:00,185726,179
2020-04-03T12:07:31-05:00,185726,179
2020-04-03T12:37:37-05:00,185726,179
2020-04-03T13:07:43-05:00,185726,179
2020-04-03T13:37:49-05:00,185726,179
2020-04-03T14:07:56-05:00,186173,180
2020-04-03T14:38:02-05:00,186173,180
2020-04-03T15:08:08-05:00,186173,180
2020-04-03T15:38:14-05:00,186173,180
2020-04-03T16:08:20-05:00,186173,180
2020-04-03T16:38:26-05:00,186173,180
2020-04-03T17:08:32-05:00,186173,180
2020-04-03T17:38:38-05:00,186173,180
2020-04-03T18:08:44-05:00,186689,179
2020-04-03T18:38:50-05:00,186689,179
2020-04-03T19:08:56-05:00,186689,179
2020-04-03T19:39:02-05:00,186689,179
2020-04-03T20:09:08-05:00,186689,179
2020-04-03T20:39:14-05:00,186689,179
2020-04-03T21:09:20-05:00,186689,179
2020-04-03T21:39:26-05:00,186689,179
2020-04-03T22:09:34-05:00,187219,180
2020-04-03T22:39:40-05:00,187219,180
2020-04-03T23:09:46-05:00,187219,180
2020-04-03T23:39:52-05:00,187219,180
2020-04-04T00:09:58-05:00,187219,180
2020-04-04T00:40:04-05:00,187219,180
2020-04-04T01:10:10-05:00,187219,180
2020-04-04T01:40:16-05:00,187219,180
2020-04-04T02:10:24-05:00,187668,182
2020-04-04T02:40:30-05:00,187668,182
2020-04-04T03:10:36-05:00,187668,182
2020-04-04T03:40:42-05:00,187668,182
2020-04-04T04:10:48-05:00,187668,182
2020-04-04T04:40:54-05:00,187668,182
2020-04-04T05:11:00-05:00,187668,182
2020-04-04T05:41:06-05:00,187668,182
2020-04-04T06:11:17-05:00,188053,184
2020-04-04T06:41:23-05:00,188053,184
2020-04-04T07:11:29-05:00,188053,184
2020-04-04T07:41:35-05:00,188053,184
2020-04-04T08:11:41-05:00,188053,184
2020-04-04T08:41:47-05:00,188053,184
2020-04-04T09:11:53-05:00,188053,184
2020-04-04T09:41:59-05:00,188053,184
2020-04-04T10:12:06-05:00,188656,186
2020-04-04T10:42:12-05:00,188656,186
2020-04-04T11:12:17-05:00,188656,186
2020-04-04T11:42:24-05:00,188656,186
2020-04-04T12:12:30-05:00,188656,186
2020-04-04T12:42:36-05:00,188656,186
2020-04-04T13:12:42-05:00,188656,186
2020-04-04T13:42:48-05:00,188656,186
2020-04-04T14:12:55-05:00,189088,187
2020-04-04T14:43:01-05:00,189088,187
2020-04-04T15:13:07-05:00,189088,187
2020-04-04T15:43:13-05:00,189088,187
2020-04-04T16:13:19-05:00,189088,187
2020-04-04T16:43:25-05:00,189088,187
2020-04-04T17:13:31-05:00,189088,187
2020-04-04T17:43:37-05:00,189088,187
2020-04-04T18:13:45-05:00,189578,187
2020-04-04T18:43:51-05:00,189578,187
2020-04-04T19:13:57-05:00,189578,187
2020-04-04T19:44:03-05:00,189578,187
2020-04-04T20:14:09-05:00,189578,187
2020-04-04T20:44:15-05:00,189578,187
2020-04-04T21:14:21-05:00,189578,187
2020-04-04T21:44:27-05:00,189578,187
2020-04-04T22:14:40-05:00,190131,188
2020-04-04T22:44:46-05:00,190131,188
2020-04-04T23:14:52-05:00,190131,188
2020-04-04T23:44:58-05:00,190131,188
2020-04-05T00:15:04-05:00,190131,188
2020-04-05T00:45:11-05:00,190131,188
2020-04-05T01:15:17-05:00,190131,188
2020-04-05T01:45:23-05:00,190131,188
2020-04-05T02:15:32-05:00,190521,189
2020-04-05T02:45:38-05:00,190521,189
2020-04-05T03:15:44-05:00,190521,189
2020-04-05T03:45:50-05:00,190521,189
2020-04-05T04:15:56-05:00,190521,189
2020-04-05T04:46:02-05:00,190521,189
2020-04-05T05:16:08-05:00,190521,189
2020-04-05T05:46:14-05:00,190521,189
2020-04-05T06:16:41-05:00,190965,191
2020-04-05T06:46:47-05:00,190965,191
2020-04-05T07:16:53-05:00,190965,191
2020-04-05T07:46:59-05:00,190965,191
2020-04-05T08:17:05-05:00,190965,191
2020-04-05T08:47:11-05:00,190965,191
2020-04-05T09:17:17-05:00,190965,191
2020-04-05T09:47:23-05:00,190965,191
2020-04-05T10:17:34-05:00,191418,191
2020-04-05T10:47:40-05:00,191418,191
2020-04-05T11:17:46-05:00,191418,191
2020-04-05T11:47:52-05:00,191418,191
2020-04-05T12:17:58-05:00,191418,191
2020-04-05T12:48:04-05:00,191418,191
2020-04-05T13:18:10-05:00,191418,191
2020-04-05T13:48:16-05:00,191418,191
2020-04-05T14:18:24-05:00,191834,192
2020-04-05T14:48:30-05:00,191834,192
2020-04-05T15:18:36-05:00,191834,192
2020-04-05T15:48:42-05:00,191834,192
2020-04-05T16:18:48-05:00,191834,192
2020-04-05T16:48:54-05:00,191834,192
2020-04-05T17:19:00-05:00,191834,192
2020-04-05T17:49:06-05:00,191834,192
2020-04-05T18:19:13-05:00,192195,194
2020-04-05T18:49:20-05:00,192195,194
2020-04-05T19:19:26-05:00,192195,194
2020-04-05T19:49:32-05:00,192195,194
2020-04-05T20:19:38-05:00,192195,194
2020-04-05T20:49:44-05:00,192195,194
2020-04-05T21:19:55-05:00,192195,194
2020-04-05T21:50:01-05:00,192195,194
2020-04-05T22:20:07-05:00,192541,195
2020-04-05T22:50:14-05:00,192541,195
2020-04-05T23:20:20-05:00,192541,195
2020-04-05T23:50:26-05:00,192541,195
2020-04-06T00:20:32-05:00,192541,195
2020-04-06T00:50:38-05:00,192541,195
2020-04-06T01:20:44-05:00,192541,195
2020-04-06T01:50:50-05:00,192541,195
2020-04-06T02:20:57-05:00,192991,196
2020-04-06T02:51:03-05:00,192991,196
2020-04-06T03:21:09-05:00,192991,196
2020-04-06T03:51:15-05:00,192991,196
2020-04-06T04:21:21-05:00,192991,196
2020-04-06T04:51:27-05:00,192991,196
2020-04-06T05:21:33-05:00,192991,196
2020-04-06T05:51:39-05:00,192991,196
2020-04-06T06:21:47-05:00,193432,196
2020-04-06T06:51:53-05:00,193432,196
2020-04-06T07:21:59-05:00,193432,196
2020-04-06T07:52:05-05:00,193432,196
2020-04-06T08:22:11-05:00,193432,196
2020-04-06T08:52:17-05:00,193432,196
2020-04-06T09:22:23-05:00,193432,196
2020-04-06T09:52:29-05:00,193432,196
2020-04-06T10:22:36-05:00,193917,197
2020-04-06T10:52:42-05:00,193917,197
2020-04-06T11:22:48-05:00,193917,197
2020-04-06T11:52:54-05:00,193917,197
2020-04-06T12:23:00-05:00,193917,197
2020-04-06T12:53:06-05:00,193917,197
2020-04-06T13:23:12-05:00,193917,197
2020-04-06T13:53:18-05:00,193917,197
2020-04-06T14:23:24-05:00,194376,196
2020-04-06T14:53:31-05:00,194376,196
2020-04-06T15:23:37-05:00,194376,196
2020-04-06T15:53:43-05:00,194376,196
2020-04-06T16:23:49-05:00,194376,196
2020-04-06T16:53:55-05:00,194376,196
2020-04-06T17:24:01-05:00,194376,196
2020-04-06T17:54:07-05:00,194376,196
2020-04-06T18:24:19-05:00,194864,196
2020-04-06T18:54:25-05:00,194864,196
2020-04-06T19:24:31-05:00,194864,196
2020-04-06T19:54:37-05:00,194864,196
2020-04-06T20:24:43-05:00,194864,196
2020-04-06T20:54:49-05:00,194864,196
2020-04-06T21:24:57-05:00,194864,196
2020-04-06T21:55:03-05:00,194864,196
2020-04-06T22:25:10-05:00,195263,196
2020-04-06T22:55:16-05:00,195263,196
2020-04-06T23:25:24-05:00,195263,196
2020-04-06T23:55:31-05:00,195263,196
2020-04-07T00:25:37-05:00,195263,196
2020-04-07T00:55:43-05:00,195263,196
2020-04-07T01:25:49-05:00,195263,196
2020-04-07T01:55:55-05:00,195263,196
2020-04-07T02:26:02-05:00,195709,197
2020-04-07T02:56:08-05:00,195709,197
2020-04-07T03:26:14-05:00,195709,197
2020-04-07T03:56:20-05:00,195709,197
2020-04-07T04:26:26-05:00,195709,197
2020-04-07T04:56:32-05:00,195709,197
2020-04-07T05:26:38-05:00,195709,197
2020-04-07T05:56:44-05:00,195709,197
2020-04-07T06:26:53-05:00,196084,197
2020-04-07T06:57:00-05:00,196084,197
2020-04-07T07:27:06-05:00,196084,197
2020-04-07T07:57:12-05:00,196084,197
2020-04-07T08:27:18-05:00,196084,197
2020-04-07T08:57:24-05:00,196084,197
2020-04-07T09:27:30-05:00,196084,197
2020-04-07T09:57:36-05:00,196084,197
2020-04-07T10:27:42-05:00,196459,200
2020-04-07T10:57:49-05:00,196459,200
2020-04-07T11:27:55-05:00,196459,200
2020-04-07T11:58:01-05:00,196459,200
2020-04-07T12:28:07-05:00,196459,200
2020-04-07T12:58:13-05:00,196459,200
2020-04-07T13:28:19-05:00,196459,200
2020-04-07T13:58:25-05:00,196459,200
2020-04-07T14:28:32-05:00,196824,201
2020-04-07T14:58:38-05:00,196824,201
2020-04-07T15:28:44-05:00,196824,201
2020-04-07T15:58:50-05:00,196824,201
2020-04-07T16:28:56-05:00,196824,201
2020-04-07T16:59:02-05:00,196824,201
2020-04-07T17:29:08-05:00,196824,201
2020-04-07T17:59:14-05:00,196824,201
2020-04-07T18:29:21-05:00,197340,201
2020-04-07T18:59:27-05:00,197340,201
2020-04-07T19:29:33-05:00,197340,201
2020-04-07T19:59:39-05:00,197340,201
2020-04-07T20:29:45-05:00,197340,201
2020-04-07T20:59:51-05:00,197340,201
2020-04-07T21:29:57-05:00,197340,201
2020-04-07T22:00:03-05:00,197340,201
2020-04-07T22:30:10-05:00,197771,201
2020-04-07T23:00:16-05:00,197771,201
2020-04-07T23:30:22-05:00,197771,201
2020-04-08T00:00:28-05:00,197771,201
2020-04-08T00:30:34-05:00,197771,201
2020-04-08T01:00:40-05:00,197771,201
2020-04-08T01:30:46-05:00,197771,201
2020-04-08T02:00:55-05:00,198122,202
2020-04-08T02:31:01-05:00,198122,202
2020-04-08T03:01:07-05:00,198122,202
2020-04-08T03:31:13-05:00,198122,202
2020-04-08T04:01:19-05:00,198122,202
2020-04-08T04:31:25-05:00,198122,202
2020-04-08T05:01:31-05:00,198122,202
2020-04-08T05:31:37-05:00,198122,202
2020-04-08T06:01:43-05:00,198516,203
2020-04-08T06:31:49-05:00,198516,203
2020-04-08T07:01:56-05:00,198516,203
2020-04-08T07:32:02-05:00,198516,203
2020-04-08T08:02:08-05:00,198516,203
2020-04-08T08:32:14-05:00,198516,203
2020-04-08T09:02:20-05:00,198516,203
2020-04-08T09:32:26-05:00,198516,203
2020-04-08T10:02:32-05:00,198922,203
2020-04-08T10:32:38-05:00,198922,203
2020-04-08T11:02:44-05:00,198922,203
2020-04-08T11:32:50-05:00,198922,203
2020-04-08T12:02:56-05:00,198922,203
2020-04-08T12:33:02-05:00,198922,203
2020-04-08T13:03:08-05:00,198922,203
2020-04-08T13:33:14-05:00,198922,203
2020-04-08T14:03:20-05:00,199393,204
2020-04-08T14:33:26-05:00,199393,204
2020-04-08T15:03:32-05:00,199393,204
2020-04-08T15:33:38-05:00,199393,204
2020-04-08T16:03:44-05:00,199393,204
2020-04-08T16:33:50-05:00,199393,204
2020-04-08T17:03:56-05:00,199393,204
2020-04-08T17:34:02-05:00,199393,204
2020-04-08T18:04:08-05:00,199808,204
2020-04-08T18:34:15-05:00,199808,204
2020-04-08T19:04:21-05:00,199808,204
2020-04-08T19:34:27-05:00,199808,204
2020-04-08T20:04:33-05:00,199808,204
2020-04-08T20:34:39-05:00,199808,204
2020-04-08T21:04:45-05:00,199808,204
2020-04-08T21:34:51-05:00,199808,204
2020-04-08T22:04:57-05:00,200177,204
2020-04-08T22:35:03-05:00,200177,204
2020-04-08T23:05:09-05:00,200177,204
2020-04-08T23:35:15-05:00,200177,204
2020-04-09T00:05:21-05:00,200177,204
2020-04-09T00:35:27-05:00,200177,204
2020-04-09T01:05:33-05:00,200177,204
2020-04-09T01:35:39-05:00,200177,204
2020-04-09T02:05:45-05:00,200523,205
2020-04-09T02:35:52-05:00,200523,205
2020-04-09T03:05:58-05:00,200523,205
2020-04-09T03:36:04-05:00,200523,205
2020-04-09T04:06:10-05:00,200523,205
2020-04-09T04:36:16-05:00,200523,205
2020-04-09T05:06:22-05:00,200523,205
2020-04-09T05:36:28-05:00,200523,205
2020-04-09T06:06:34-05:00,200889,206
2020-04-09T06:36:40-05:00,200889,206
2020-04-09T07:06:46-05:00,200889,206
2020-04-09T07:36:52-05:00,200889,206
2020-04-09T08:06:58-05:00,200889,206
2020-04-09T08:37:04-05:00,200889,206
2020-04-09T09:07:10-05:00,200889,206
2020-04-09T09:37:16-05:00,200889,206
2020-04-09T10:07:22-05:00,201259,206
2020-04-09T10:37:28-05:00,201259,206
2020-04-09T11:07:34-05:00,201259,206
2020-04-09T11:37:40-05:00,201259,206
2020-04-09T12:07:46-05:00,201259,206
2020-04-09T12:37:52-05:00,201259,206
2020-04-09T13:07:58-05:00,201259,206
2020-04-09T13:38:04-05:00,201259,206
2020-04-09T14:08:11-05:00,201757,205
2020-04-09T14:38:17-05:00,201757,205
2020-04-09T15:08:23-05:00,201757,205
2020-04-09T15:38:29-05:00,201757,205
2020-04-09T16:08:35-05:00,201757,205
2020-04-09T16:38:41-05:00,201757,205
2020-04-09T17:08:47-05:00,201757,205
2020-04-09T17:38:53-05:00,201757,205
2020-04-09T18:09:04-05:00,202220,205
2020-04-09T18:39:10-05:00,202220,205
2020-04-09T19:09:16-05:00,202220,205
2020-04-09T19:39:23-05:00,202220,205
2020-04-09T20:09:29-05:00,202220,205
2020-04-09T20:39:35-05:00,202220,205
2020-04-09T21:09:41-05:00,202220,205
2020-04-09T21:39:47-05:00,202220,205
2020-04-09T22:09:53-05:00,202657,205
2020-04-09T22:39:59-05:00,202657,205
2020-04-09T23:10:05-05:00,202657,205
2020-04-09T23:40:11-05:00,202657,205
2020-04-10T00:10:17-05:00,202657,205
2020-04-10T00:40:23-05:00,202657,205
2020-04-10T01:10:29-05:00,202657,205
2020-04-10T01:40:35-05:00,202657,205
2020-04-10T02:10:43-05:00,203129,205
2020-04-10T02:40:49-05:00,203129,205
2020-04-10T03:10:55-05:00,203129,205
2020-04-10T03:41:01-05:00,203129,205
2020-04-10T04:11:08-05:00,203129,205
2020-04-10T04:41:14-05:00,203129,205
2020-04-10T05:11:20-05:00,203129,205
2020-04-10T05:41:26-05:00,203129,205
2020-04-10T06:11:33-05:00,203504,206
2020-04-10T06:41:39-05:00,203504,206
2020-04-10T07:11:45-05:00,203504,206
2020-04-10T07:41:51-05:00,203504,206
2020-04-10T08:11:57-05:00,203504,206
2020-04-10T08:42:03-05:00,203504,206
2020-04-10T09:12:09-05:00,203504,206
2020-04-10T09:42:15-05:00,203504,206
2020-04-10T10:12:21-05:00,203886,208
2020-04-10T10:42:28-05:00,203886,208
2020-04-10T11:12:34-05:00,203886,208
2020-04-10T11:42:40-05:00,203886,208
2020-04-10T12:12:46-05:00,203886,208
2020-04-10T12:42:52-05:00,203886,208
2020-04-10T13:12:58-05:00,203886,208
2020-04-10T13:43:04-05:00,203886,208
2020-04-10T14:13:10-05:00,204404,209
2020-04-10T14:43:16-05:00,204404,209
2020-04-10T15:13:22-05:00,204404,209
2020-04-10T15:43:28-05:00,204404,209
2020-04-10T16:13:34-05:00,204404,209
2020-04-10T16:43:40-05:00,204404,209
2020-04-10T17:13:46-05:00,204404,209
2020-04-10T17:43:52-05:00,204404,209
2020-04-10T18:13:58-05:00,204860,209
2020-04-10T18:44:05-05:00,204860,209
2020-04-10T19:14:11-05:00,204860,209
2020-04-10T19:44:17-05:00,204860,209
2020-04-10T20:14:23-05:00,204860,209
2020-04-10T20:44:29-05:00,204860,209
2020-04-10T21:14:36-05:00,204860,209
2020-04-10T21:44:42-05:00,204860,209
2020-04-10T22:14:51-05:00,205346,211
2020-04-10T22:44:57-05:00,205346,211
2020-04-10T23:15:03-05:00,205346,211
2020-04-10T23:45:09-05:00,205346,211
2020-04-11T00:15:15-05:00,205346,211
2020-04-11T00:45:21-05:00,205346,211
2020-04-11T01:15:27-05:00,205346,211
2020-04-11T01:45:33-05:00,205346,211
2020-04-11T02:15:43-05:00,205846,212
2020-04-11T02:45:49-05:00,205846,212
2020-04-11T03:15:55-05:00,205846,212
2020-04-11T03:46:01-05:00,205846,212
2020-04-11T04:16:07-05:00,205846,212
2020-04-11T04:46:13-05:00,205846,212
2020-04-11T05:16:19-05:00,205846,212
2020-04-11T05:46:25-05:00,205846,212
2020-04-11T06:16:32-05:00,206346,213
2020-04-11T06:46:38-05:00,206346,213
2020-04-11T07:16:44-05:00,206346,213
2020-04-11T07:46:50-05:00,206346,213
2020-04-11T08:16:56-05:00,206346,213
2020-04-11T08:47:02-05:00,206346,213
2020-04-11T09:17:08-05:00,206346,213
2020-04-11T09:47:14-05:00,206346,213
2020-04-11T10:17:20-05:00,206780,212
2020-04-11T10:47:26-05:00,206780,212
2020-04-11T11:17:32-05:00,206780,212
2020-04-11T11:47:38-05:00,206780,212
2020-04-11T12:17:44-05:00,206780,212
2020-04-11T12:47:50-05:00,206780,212
2020-04-11T13:17:56-05:00,206780,212
2020-04-11T13:48:02-05:00,206780,212
2020-04-11T14:18:09-05:00,207258,212
2020-04-11T14:48:15-05:00,207258,212
2020-04-11T15:18:21-05:00,207258,212
2020-04-11T15:48:27-05:00,207258,212
2020-04-11T16:18:33-05:00,207258,212
2020-04-11T16:48:39-05:00,207258,212
2020-04-11T17:18:45-05:00,207258,212
2020-04-11T17:48:51-05:00,207258,212
2020-04-11T18:20:28-05:00,,
2020-04-11T18:51:04-05:00,,213
2020-04-11T19:21:10-05:00,208182,213
2020-04-11T19:51:16-05:00,208182,213
2020-04-11T20:21:22-05:00,208182,213
2020-04-11T20:51:28-05:00,208182,213
2020-04-11T21:21:34-05:00,208182,213
2020-04-11T21:51:40-05:00,208182,213
2020-04-11T22:21:46-05:00,208182,213
2020-04-11T22:52:22-05:00,208182,
2020-04-11T23:23:18-05:00,,
2020-04-11T23:53:26-05:00,208768,214
2020-04-12T00:23:33-05:00,208768,214
2020-04-12T00:53:39-05:00,208768,214
2020-04-12T01:23:45-05:00,208768,214
2020-04-12T01:53:51-05:00,208768,214
2020-04-12T02:23:59-05:00,209072,216
2020-04-12T02:54:05-05:00,209072,216
2020-04-12T03:24:11-05:00,209072,216
2020-04-12T03:54:17-05:00,209072,216
2020-04-12T04:24:23-05:00,209072,216
2020-04-12T04:54:29-05:00,209072,216
2020-04-12T05:24:35-05:00,209072,216
2020-04-12T05:54:41-05:00,209072,216
2020-04-12T06:24:48-05:00,209550,218
2020-04-12T06:54:55-05:00,209550,218
2020-04-12T07:25:01-05:00,209550,218
2020-04-12T07:55:07-05:00,209550,218
2020-04-12T08:25:16-05:00,209550,218
2020-04-12T08:55:25-05:00,209550,218
2020-04-12T09:25:31-05:00,209550,218
2020-04-12T09:55:37-05:00,209550,218
2020-04-12T10:27:26-05:00,,
2020-04-12T10:58:22-05:00,,
2020-04-12T11:29:31-05:00,,
2020-04-12T12:00:17-05:00,210036,
2020-04-12T12:30:53-05:00,210036,
2020-04-12T13:00:59-05:00,210036,218
2020-04-12T13:31:06-05:00,210036,218
2020-04-12T14:01:13-05:00,210036,218
2020-04-12T14:31:20-05:00,210036,218
2020-04-12T15:01:27-05:00,210036,218
2020-04-12T15:31:33-05:00,210036,218
2020-04-12T16:01:39-05:00,210181,218
2020-04-12T16:31:45-05:00,210181,218
2020-04-12T17:01:51-05:00,210181,218
2020-04-12T17:31:57-05:00,210181,218
2020-04-12T18:02:03-05:00,210181,218
2020-04-12T18:32:09-05:00,210181,218
2020-04-12T19:02:15-05:00,210181,218
2020-04-12T19:32:21-05:00,210181,218
2020-04-12T20:02:27-05:00,210609,218
2020-04-12T20:32:34-05:00,210609,218
2020-04-12T21:02:41-05:00,210609,218
2020-04-12T21:32:47-05:00,210609,218
2020-04-12T22:02:53-05:00,210609,218
2020-04-12T22:32:59-05:00,210609,218
2020-04-12T23:03:05-05:00,210609,218
2020-04-12T23:33:11-05:00,210609,218
2020-04-13T00:03:17-05:00,211065,218
2020-04-13T00:33:23-05:00,211065,218
2020-04-13T01:03:29-05:00,211065,218
2020-04-13T01:33:35-05:00,211065,218
2020-04-13T02:03:43-05:00,211234,218
2020-04-13T02:33:49-05:00,211234,218
2020-04-13T03:03:55-05:00,211234,218
2020-04-13T03:34:01-05:00,211234,218
2020-04-13T04:04:07-05:00,211234,218
2020-04-13T04:34:13-05:00,211234,218
2020-04-13T05:04:19-05:00,211234,218
2020-04-13T05:34:25-05:00,211234,218
2020-04-13T06:04:32-05:00,211660,219
2020-04-13T06:34:38-05:00,211660,219
2020-04-13T07:04:44-05:00,211660,219
2020-04-13T07:34:51-05:00,211660,219
2020-04-13T08:04:57-05:00,211660,219
2020-04-13T08:35:03-05:00,211660,219
2020-04-13T09:05:09-05:00,211660,219
2020-04-13T09:35:15-05:00,211660,219
2020-04-13T10:05:21-05:00,212041,218
2020-04-13T10:35:29-05:00,212041,218
2020-04-13T11:05:36-05:00,212041,218
2020-04-13T11:35:42-05:00,212041,218
2020-04-13T12:05:48-05:00,212041,218
2020-04-13T12:35:54-05:00,212041,218
2020-04-13T13:06:00-05:00,212041,218
2020-04-13T13:36:06-05:00,212041,218
2020-04-13T14:06:13-05:00,212501,219
2020-04-13T14:36:19-05:00,212501,219
2020-04-13T15:06:25-05:00,212501,219
2020-04-13T15:36:31-05:00,212501,219
2020-04-13T16:06:37-05:00,212501,219
2020-04-13T16:36:43-05:00,212501,219
2020-04-13T17:06:49-05:00,212501,219
2020-04-13T17:36:55-05:00,212501,219
2020-04-13T18:07:02-05:00,212936,217
2020-04-13T18:37:08-05:00,212936,217
2020-04-13T19:07:14-05:00,212936,217
2020-04-13T19:37:20-05:00,212936,217
2020-04-13T20:07:26-05:00,212936,217
2020-04-13T20:37:32-05:00,212936,217
2020-04-13T21:07:38-05:00,212936,217
2020-04-13T21:37:49-05:00,212936,217
2020-04-13T22:07:56-05:00,213263,219
2020-04-13T22:38:02-05:00,213263,219
2020-04-13T23:08:08-05:00,213263,219
2020-04-13T23:38:14-05:00,213263,219
2020-04-14T00:08:20-05:00,213263,219
2020-04-14T00:38:26-05:00,213263,219
2020-04-14T01:08:32-05:00,213263,219
2020-04-14T01:38:38-05:00,213263,219
2020-04-14T02:08:48-05:00,213591,219
2020-04-14T02:38:55-05:00,213591,219
2020-04-14T03:09:01-05:00,213591,219
2020-04-14T03:39:08-05:00,213591,219
2020-04-14T04:09:14-05:00,213591,219
2020-04-14T04:39:20-05:00,213591,219
2020-04-14T05:09:26-05:00,213591,219
2020-04-14T05:39:32-05:00,213591,219
2020-04-14T06:09:38-05:00,213945,219
2020-04-14T06:39:44-05:00,213945,219
2020-04-14T07:09:50-05:00,213945,219
2020-04-14T07:39:56-05:00,213945,219
2020-04-14T08:10:02-05:00,213945,219
2020-04-14T08:40:08-05:00,213945,219
2020-04-14T09:10:14-05:00,213945,219
2020-04-14T09:40:20-05:00,213945,219
2020-04-14T10:10:27-05:00,214374,219
2020-04-14T10:40:34-05:00,214374,219
2020-04-14T11:10:40-05:00,214374,219
2020-04-14T11:40:46-05:00,214374,219
2020-04-14T12:10:52-05:00,214374,219
2020-04-14T12:40:58-05:00,214374,219
2020-04-14T13:11:04-05:00,214374,219
2020-04-14T13:41:10-05:00,214374,219
2020-04-14T14:11:16-05:00,214763,219
2020-04-14T14:41:22-05:00,214763,219
2020-04-14T15:11:28-05:00,214763,219
2020-04-14T15:41:34-05:00,214763,219
2020-04-14T16:11:41-05:00,214763,219
2020-04-14T16:41:47-05:00,214763,219
2020-04-14T17:11:53-05:00,214763,219
2020-04-14T17:41:59-05:00,214763,219
2020-04-14T18:12:06-05:00,215122,219
2020-04-14T18:42:12-05:00,215122,219
2020-04-14T19:12:18-05:00,215122,219
2020-04-14T19:42:25-05:00,215122,219
2020-04-14T20:12:31-05:00,215122,219
2020-04-14T20:42:37-05:00,215122,219
2020-04-14T21:12:43-05:00,215122,219
2020-04-14T21:42:49-05:00,215122,219
2020-04-14T22:12:56-05:00,215413,221
2020-04-14T22:43:04-05:00,215413,221
2020-04-14T23:13:10-05:00,215413,221
2020-04-14T23:43:16-05:00,215413,221
2020-04-15T00:13:22-05:00,215413,221
2020-04-15T00:43:28-05:00,215413,221
2020-04-15T01:13:34-05:00,215413,221
2020-04-15T01:43:40-05:00,215413,221
2020-04-15T02:13:47-05:00,215723,222
2020-04-15T02:43:53-05:00,215723,222
2020-04-15T03:13:59-05:00,215723,222
2020-04-15T03:44:05-05:00,215723,222
2020-04-15T04:14:11-05:00,215723,222
2020-04-15T04:44:17-05:00,215723,222
2020-04-15T05:14:23-05:00,215723,222
2020-04-15T05:44:29-05:00,215723,222
2020-04-15T06:14:35-05:00,216079,222
2020-04-15T06:44:41-05:00,216079,222
2020-04-15T07:14:47-05:00,216079,222
2020-04-15T07:44:54-05:00,216079,222
2020-04-15T08:15:00-05:00,216079,222
2020-04-15T08:45:06-05:00,216079,222
2020-04-15T09:15:12-05:00,216079,222
2020-04-15T09:45:18-05:00,216079,222
2020-04-15T10:15:25-05:00,216436,222
2020-04-15T10:45:31-05:00,216436,222
2020-04-15T11:15:37-05:00,216436,222
2020-04-15T11:45:43-05:00,216436,222
2020-04-15T12:15:49-05:00,,222
2020-04-15T12:45:55-05:00,216436,222
2020-04-15T13:16:01-05:00,216436,222
2020-04-15T13:46:07-05:00,216436,222
2020-04-15T14:16:16-05:00,216764,220
2020-04-15T14:46:23-05:00,216764,220
2020-04-15T15:16:29-05:00,216764,220
2020-04-15T15:46:35-05:00,216764,220
2020-04-15T16:16:41-05:00,216764,220
2020-04-15T16:46:47-05:00,216764,220
2020-04-15T17:16:56-05:00,216764,220
2020-04-15T17:47:02-05:00,216764,220
2020-04-15T18:17:08-05:00,217101,220
2020-04-15T18:47:14-05:00,217101,220
2020-04-15T19:17:21-05:00,217101,220
2020-04-15T19:47:27-05:00,217101,220
2020-04-15T20:17:33-05:00,217101,220
2020-04-15T20:47:39-05:00,217101,220
2020-04-15T21:17:45-05:00,217101,220
2020-04-15T21:47:51-05:00,217101,220
2020-04-15T22:17:58-05:00,217377,219
2020-04-15T22:48:04-05:00,217377,219
2020-04-15T23:18:10-05:00,217377,219
2020-04-15T23:48:16-05:00,217377,219
2020-04-16T00:18:22-05:00,217377,219
2020-04-16T00:48:28-05:00,217377,219
2020-04-16T01:18:34-05:00,217377,219
2020-04-16T01:48:40-05:00,217377,219
2020-04-16T02:18:46-05:00,217701,220
2020-04-16T02:48:53-05:00,217701,220
2020-04-16T03:19:00-05:00,217701,220
2020-04-16T03:49:07-05:00,217701,220
2020-04-16T04:19:13-05:00,217701,220
2020-04-16T04:49:19-05:00,217701,220
2020-04-16T05:19:25-05:00,217701,220
2020-04-16T05:49:31-05:00,217701,220
2020-04-16T06:19:39-05:00,218028,222
2020-04-16T06:49:45-05:00,218028,222
2020-04-16T07:19:51-05:00,218028,222
2020-04-16T07:49:57-05:00,218028,222
2020-04-16T08:20:03-05:00,218028,222
2020-04-16T08:50:09-05:00,218028,222
2020-04-16T09:20:15-05:00,218028,222
2020-04-16T09:50:21-05:00,218028,222
2020-04-16T10:20:28-05:00,218329,223
2020-04-16T10:50:34-05:00,218329,223
2020-04-16T11:20:40-05:00,218329,223
2020-04-16T11:50:48-05:00,218329,223
2020-04-16T12:20:54-05:00,218329,223
2020-04-16T12:51:00-05:00,218329,223
2020-04-16T13:21:06-05:00,218329,223
2020-04-16T13:51:12-05:00,218329,223
2020-04-16T14:21:18-05:00,218580,223
2020-04-16T14:51:24-05:00,218580,223
2020-04-16T15:21:30-05:00,218580,223
2020-04-16T15:51:36-05:00,218580,223
2020-04-16T16:21:42-05:00,218580,223
2020-04-16T16:51:48-05:00,218580,223
2020-04-16T17:21:54-05:00,218580,223
2020-04-16T17:52:00-05:00,218580,223
2020-04-16T18:22:07-05:00,218837,224
2020-04-16T18:52:13-05:00,218837,224
2020-04-16T19:22:19-05:00,218837,224
2020-04-16T19:52:25-05:00,218837,224
2020-04-16T20:22:31-05:00,218837,224
2020-04-16T20:52:37-05:00,218837,224
2020-04-16T21:22:43-05:00,218837,224
2020-04-16T21:52:49-05:00,218837,224
2020-04-16T22:22:58-05:00,219342,223
2020-04-16T22:53:13-05:00,219342,223
2020-04-16T23:23:20-05:00,219342,223
2020-04-16T23:53:26-05:00,219342,223
2020-04-17T00:23:32-05:00,219342,223
2020-04-17T00:53:38-05:00,219342,223
2020-04-17T01:23:44-05:00,219342,223
2020-04-17T01:53:50-05:00,219342,223
2020-04-17T02:23:59-05:00,219572,224
2020-04-17T02:54:05-05:00,219572,224
2020-04-17T03:24:11-05:00,219572,224
2020-04-17T03:54:17-05:00,219572,224
2020-04-17T04:24:23-05:00,219572,224
2020-04-17T04:54:29-05:00,219572,224
2020-04-17T05:24:35-05:00,219572,224
2020-04-17T05:54:41-05:00,219572,224
2020-04-17T06:24:53-05:00,219847,224
2020-04-17T06:54:59-05:00,219847,224
2020-04-17T07:25:05-05:00,219847,224
2020-04-17T07:55:11-05:00,219847,224
2020-04-17T08:25:18-05:00,219847,224
2020-04-17T08:55:24-05:00,219847,224
2020-04-17T09:25:30-05:00,219847,224
2020-04-17T09:55:36-05:00,219847,224
2020-04-17T10:25:43-05:00,220365,225
2020-04-17T10:55:49-05:00,220365,225
2020-04-17T11:25:55-05:00,220365,225
2020-04-17T11:56:01-05:00,220365,225
2020-04-17T12:26:07-05:00,220365,225
2020-04-17T12:56:13-05:00,220365,225
2020-04-17T13:26:19-05:00,220365,225
2020-04-17T13:56:25-05:00,220365,225
2020-04-17T14:26:32-05:00,221087,226
2020-04-17T14:56:38-05:00,221087,226
2020-04-17T15:26:44-05:00,221087,226
2020-04-17T15:56:50-05:00,221087,226
2020-04-17T16:26:57-05:00,221087,226
2020-04-17T16:57:03-05:00,221087,226
2020-04-17T17:27:09-05:00,221087,226
2020-04-17T17:57:15-05:00,221087,226
2020-04-17T18:27:22-05:00,221634,224
2020-04-17T18:57:28-05:00,221634,224
2020-04-17T19:27:34-05:00,221634,224
2020-04-17T19:57:40-05:00,221634,224
2020-04-17T20:27:46-05:00,221634,224
2020-04-17T20:57:52-05:00,221634,224
2020-04-17T21:27:58-05:00,221634,224
2020-04-17T21:58:04-05:00,221634,224
2020-04-17T22:28:13-05:00,221790,222
2020-04-17T22:58:20-05:00,221790,222
2020-04-17T23:28:26-05:00,221790,222
2020-04-17T23:58:32-05:00,221790,222
2020-04-18T00:28:38-05:00,221790,222
2020-04-18T00:58:44-05:00,221790,222
2020-04-18T01:28:50-05:00,221790,222
2020-04-18T01:58:56-05:00,221790,222
2020-04-18T02:29:05-05:00,222052,221
2020-04-18T02:59:12-05:00,222052,221
2020-04-18T03:29:18-05:00,222052,221
2020-04-18T03:59:24-05:00,222052,221
2020-04-18T04:29:30-05:00,222052,221
2020-04-18T04:59:36-05:00,222052,221
2020-04-18T05:29:42-05:00,222052,221
2020-04-18T05:59:48-05:00,222052,221
2020-04-18T06:29:56-05:00,222257,221
2020-04-18T07:00:03-05:00,222257,221
2020-04-18T07:30:10-05:00,222257,221
2020-04-18T08:00:16-05:00,222257,221
2020-04-18T08:30:22-05:00,222257,221
2020-04-18T09:00:28-05:00,222257,221
2020-04-18T09:30:34-05:00,222257,221
2020-04-18T10:00:40-05:00,222257,221
2020-04-18T10:30:48-05:00,222577,220
2020-04-18T11:00:54-05:00,222577,220
2020-04-18T11:31:00-05:00,222577,220
2020-04-18T12:01:06-05:00,222577,220
2020-04-18T12:31:12-05:00,222577,220
2020-04-18T13:01:18-05:00,222577,220
2020-04-18T13:31:24-05:00,222577,220
2020-04-18T14:01:30-05:00,222577,220
2020-04-18T14:31:36-05:00,222838,218
2020-04-18T15:01:43-05:00,222838,218
2020-04-18T15:31:49-05:00,222838,218
2020-04-18T16:01:55-05:00,222838,218
2020-04-18T16:32:01-05:00,222838,218
2020-04-18T17:02:07-05:00,222838,218
2020-04-18T17:32:13-05:00,222838,218
2020-04-18T18:02:19-05:00,222838,218
2020-04-18T18:32:25-05:00,222993,214
2020-04-18T19:02:31-05:00,222993,214
2020-04-18T19:32:37-05:00,222993,214
2020-04-18T20:02:43-05:00,222993,214
2020-04-18T20:32:49-05:00,222993,214
2020-04-18T21:02:55-05:00,222993,214
2020-04-18T21:33:01-05:00,222993,214
2020-04-18T22:03:07-05:00,222993,214
2020-04-18T22:33:15-05:00,223547,213
2020-04-18T23:03:21-05:00,223547,213
2020-04-18T23:33:27-05:00,223547,213
2020-04-19T00:03:33-05:00,223547,213
2020-04-19T00:33:39-05:00,223547,213
2020-04-19T01:03:47-05:00,223547,213
2020-04-19T01:33:53-05:00,223547,213
2020-04-19T02:04:00-05:00,223450,213
2020-04-19T02:34:06-05:00,223450,213
2020-04-19T03:04:12-05:00,223450,213
2020-04-19T03:34:18-05:00,223450,213
2020-04-19T04:04:24-05:00,223450,213
2020-04-19T04:34:31-05:00,223450,213
2020-04-19T05:04:37-05:00,223450,213
2020-04-19T05:34:43-05:00,223450,213
2020-04-19T06:04:51-05:00,223023,213
2020-04-19T06:34:58-05:00,223023,213
2020-04-19T07:05:08-05:00,223023,213
2020-04-19T07:35:15-05:00,223023,213
2020-04-19T08:05:21-05:00,223023,213
2020-04-19T08:35:27-05:00,223023,213
2020-04-19T09:05:33-05:00,223023,213
2020-04-19T09:35:39-05:00,223023,213
2020-04-19T10:05:45-05:00,222549,213
2020-04-19T10:35:51-05:00,222549,213
2020-04-19T11:05:57-05:00,222549,213
2020-04-19T11:36:03-05:00,222549,213
2020-04-19T12:06:09-05:00,222549,213
2020-04-19T12:36:15-05:00,222549,213
2020-04-19T13:06:21-05:00,222549,213
2020-04-19T13:36:27-05:00,222549,213
2020-04-19T14:06:34-05:00,222513,211
2020-04-19T14:36:40-05:00,222513,211
2020-04-19T15:06:46-05:00,222513,211
2020-04-19T15:36:52-05:00,222513,211
2020-04-19T16:06:58-05:00,222513,211
2020-04-19T16:37:04-05:00,222513,211
2020-04-19T17:07:10-05:00,222513,211
2020-04-19T17:37:16-05:00,222513,211
2020-04-19T18:07:23-05:00,222651,211
2020-04-19T18:37:29-05:00,222651,211
2020-04-19T19:07:35-05:00,222651,211
2020-04-19T19:37:41-05:00,222651,211
2020-04-19T20:07:47-05:00,222651,211
2020-04-19T20:37:53-05:00,222651,211
2020-04-19T21:07:59-05:00,222651,211
2020-04-19T21:38:05-05:00,222651,211
2020-04-19T22:08:11-05:00,222869,209
2020-04-19T22:38:17-05:00,222869,209
2020-04-19T23:08:23-05:00,222869,209
2020-04-19T23:38:29-05:00,222869,209
2020-04-20T00:08:35-05:00,222869,209
2020-04-20T00:38:41-05:00,222869,209
2020-04-20T01:08:47-05:00,222869,209
2020-04-20T01:38:53-05:00,222869,209
2020-04-20T02:08:59-05:00,223104,208
2020-04-20T02:39:05-05:00,223104,208
2020-04-20T03:09:11-05:00,223104,208
2020-04-20T03:39:17-05:00,223104,208
2020-04-20T04:09:23-05:00,223104,208
2020-04-20T04:39:29-05:00,223104,208
2020-04-20T05:09:35-05:00,223104,208
2020-04-20T05:39:41-05:00,223104,208
2020-04-20T06:09:48-05:00,223358,209
2020-04-20T06:39:54-05:00,223358,209
2020-04-20T07:10:00-05:00,223358,209
2020-04-20T07:40:06-05:00,223358,209
2020-04-20T08:10:12-05:00,223358,209
2020-04-20T08:40:18-05:00,223358,209
2020-04-20T09:10:24-05:00,223358,209
2020-04-20T09:40:30-05:00,223358,209
2020-04-20T10:10:37-05:00,223610,208
2020-04-20T10:40:43-05:00,223610,208
2020-04-20T11:10:49-05:00,223610,208
2020-04-20T11:40:55-05:00,223610,208
2020-04-20T12:11:01-05:00,223610,208
2020-04-20T12:41:07-05:00,223610,208
2020-04-20T13:11:13-05:00,223610,208
2020-04-20T13:41:19-05:00,223610,208
2020-04-20T14:11:26-05:00,223816,209
2020-04-20T14:41:32-05:00,223816,209
2020-04-20T15:11:38-05:00,223816,209
2020-04-20T15:41:44-05:00,223816,209
2020-04-20T16:11:50-05:00,223816,209
2020-04-20T16:41:56-05:00,223816,209
2020-04-20T17:12:02-05:00,223816,209
2020-04-20T17:42:08-05:00,223816,209
2020-04-20T18:12:15-05:00,223977,208
2020-04-20T18:42:21-05:00,223977,208
2020-04-20T19:12:27-05:00,223977,208
2020-04-20T19:42:33-05:00,223977,208
2020-04-20T20:12:39-05:00,223977,208
2020-04-20T20:42:45-05:00,223977,208
2020-04-20T21:12:51-05:00,223977,208
2020-04-20T21:42:57-05:00,223977,208
2020-04-20T22:13:04-05:00,224097,208
2020-04-20T22:43:10-05:00,224097,208
2020-04-20T23:13:16-05:00,224097,208
2020-04-20T23:43:22-05:00,224097,208
2020-04-21T00:13:28-05:00,224097,208
2020-04-21T00:43:34-05:00,224097,208
2020-04-21T01:13:40-05:00,224097,208
2020-04-21T01:43:46-05:00,224097,208
2020-04-21T02:13:53-05:00,224367,207
2020-04-21T02:44:00-05:00,224367,207
2020-04-21T03:14:06-05:00,224367,207
2020-04-21T03:44:12-05:00,224367,207
2020-04-21T04:14:18-05:00,224367,207
2020-04-21T04:44:24-05:00,224367,207
2020-04-21T05:14:30-05:00,224367,207
2020-04-21T05:44:36-05:00,224367,207
2020-04-21T06:14:42-05:00,224441,207
2020-04-21T06:44:48-05:00,224441,207
2020-04-21T07:14:55-05:00,224441,207
2020-04-21T07:45:01-05:00,224441,207
2020-04-21T08:15:07-05:00,224441,207
2020-04-21T08:45:13-05:00,224441,207
2020-04-21T09:15:19-05:00,224441,207
2020-04-21T09:45:25-05:00,224441,207
2020-04-21T10:15:32-05:00,224556,206
2020-04-21T10:45:41-05:00,224556,206
2020-04-21T11:15:47-05:00,224556,206
2020-04-21T11:45:53-05:00,224556,206
2020-04-21T12:15:59-05:00,224556,206
2020-04-21T12:46:06-05:00,224556,206
2020-04-21T13:16:12-05:00,224556,206
2020-04-21T13:46:18-05:00,224556,206
2020-04-21T14:16:25-05:00,224633,206
2020-04-21T14:46:31-05:00,224633,206
2020-04-21T15:16:37-05:00,224633,206
2020-04-21T15:46:43-05:00,224633,206
2020-04-21T16:16:49-05:00,224633,206
2020-04-21T16:46:55-05:00,224633,206
2020-04-21T17:17:01-05:00,224633,206
2020-04-21T17:47:07-05:00,224633,206
2020-04-21T18:17:13-05:00,224714,202
2020-04-21T18:47:20-05:00,224714,202
2020-04-21T19:17:26-05:00,224714,202
2020-04-21T19:47:32-05:00,224714,202
2020-04-21T20:17:38-05:00,224714,202
2020-04-21T20:47:44-05:00,224714,202
2020-04-21T21:17:50-05:00,224714,202
2020-04-21T21:47:56-05:00,224714,202
2020-04-21T22:18:04-05:00,224798,202
2020-04-21T22:48:10-05:00,224798,202
2020-04-21T23:18:16-05:00,224798,202
2020-04-21T23:48:22-05:00,224798,202
2020-04-22T00:18:28-05:00,224798,202
2020-04-22T00:48:34-05:00,224798,202
2020-04-22T01:18:40-05:00,224798,202
2020-04-22T01:48:46-05:00,224798,202
2020-04-22T02:18:55-05:00,224955,202
2020-04-22T02:49:01-05:00,224955,202
2020-04-22T03:19:07-05:00,224955,202
2020-04-22T03:49:13-05:00,224955,202
2020-04-22T04:19:19-05:00,224955,202
2020-04-22T04:49:25-05:00,224955,202
2020-04-22T05:19:31-05:00,224955,202
2020-04-22T05:49:37-05:00,224955,202
2020-04-22T06:19:44-05:00,225036,200
2020-04-22T06:49:51-05:00,225036,200
2020-04-22T07:19:57-05:00,225036,200
2020-04-22T07:50:03-05:00,225036,200
2020-04-22T08:20:09-05:00,225036,200
2020-04-22T08:50:15-05:00,225036,200
2020-04-22T09:20:21-05:00,225036,200
2020-04-22T09:50:27-05:00,225036,200
2020-04-22T10:20:33-05:00,225130,200
2020-04-22T10:50:40-05:00,225130,200
2020-04-22T11:22:58-05:00,,200
2020-04-22T11:53:04-05:00,225130,200
2020-04-22T12:23:10-05:00,225130,200
2020-04-22T12:53:16-05:00,225130,200
2020-04-22T13:23:22-05:00,225130,200
2020-04-22T13:53:28-05:00,225130,200
2020-04-22T14:23:34-05:00,225181,198
2020-04-22T14:53:41-05:00,225181,198
2020-04-22T15:23:47-05:00,225181,198
2020-04-22T15:53:53-05:00,225181,198
2020-04-22T16:23:59-05:00,225181,198
2020-04-22T16:54:05-05:00,225181,198
2020-04-22T17:24:11-05:00,225181,198
2020-04-22T17:54:17-05:00,225181,198
2020-04-22T18:24:24-05:00,225204,198
2020-04-22T18:54:30-05:00,225204,198
2020-04-22T19:24:36-05:00,225204,198
2020-04-22T19:54:42-05:00,225204,198
2020-04-22T20:24:48-05:00,225204,198
2020-04-22T20:54:54-05:00,225204,198
2020-04-22T21:25:00-05:00,225204,198
2020-04-22T21:55:06-05:00,225204,198
2020-04-22T22:25:12-05:00,225340,199
2020-04-22T22:55:18-05:00,225340,199
2020-04-22T23:25:24-05:00,225340,199
2020-04-22T23:55:30-05:00,225340,199
2020-04-23T00:25:36-05:00,225340,199
2020-04-23T00:55:42-05:00,225340,199
2020-04-23T01:25:48-05:00,225340,199
2020-04-23T01:55:54-05:00,225340,199
2020-04-23T02:26:01-05:00,225406,200
2020-04-23T02:56:07-05:00,225406,200
2020-04-23T03:26:13-05:00,225406,200
2020-04-23T03:56:19-05:00,225406,200
2020-04-23T04:26:25-05:00,225406,200
2020-04-23T04:56:31-05:00,225406,200
2020-04-23T05:26:37-05:00,225406,200
2020-04-23T05:56:45-05:00,225406,200
2020-04-23T06:26:51-05:00,225195,198
2020-04-23T06:56:57-05:00,225195,198
2020-04-23T07:27:03-05:00,225195,198
2020-04-23T07:57:09-05:00,225195,198
2020-04-23T08:27:15-05:00,225195,198
2020-04-23T08:57:21-05:00,225195,198
2020-04-23T09:27:27-05:00,225195,198
2020-04-23T09:57:33-05:00,225195,198
2020-04-23T10:27:43-05:00,224732,198
2020-04-23T10:57:49-05:00,224732,198
2020-04-23T11:27:55-05:00,224732,198
2020-04-23T11:58:01-05:00,224732,198
2020-04-23T12:28:07-05:00,224732,198
2020-04-23T12:58:13-05:00,224732,198
2020-04-23T13:28:19-05:00,224732,198
2020-04-23T13:58:25-05:00,224732,198
2020-04-23T14:28:32-05:00,224794,196
2020-04-23T14:58:38-05:00,224794,196
2020-04-23T15:28:44-05:00,224794,196
2020-04-23T15:58:50-05:00,224794,196
2020-04-23T16:28:56-05:00,224794,196
2020-04-23T16:59:03-05:00,224794,196
2020-04-23T17:29:09-05:00,224794,196
2020-04-23T17:59:15-05:00,224794,196
2020-04-23T18:29:21-05:00,224798,195
2020-04-23T18:59:28-05:00,224798,195
2020-04-23T19:29:34-05:00,224798,195
2020-04-23T19:59:40-05:00,224798,195
2020-04-23T20:29:46-05:00,224798,195
2020-04-23T20:59:52-05:00,224798,195
2020-04-23T21:29:58-05:00,224798,195
2020-04-23T22:00:04-05:00,224798,195
2020-04-23T22:30:12-05:00,224797,193
2020-04-23T23:00:18-05:00,224797,193
2020-04-23T23:30:24-05:00,224797,193
2020-04-24T00:00:30-05:00,224797,193
2020-04-24T00:30:36-05:00,224797,193
2020-04-24T01:00:42-05:00,224797,193
2020-04-24T01:30:48-05:00,224797,193
2020-04-24T02:00:54-05:00,224838,192
2020-04-24T02:31:01-05:00,224838,192
2020-04-24T03:01:07-05:00,224838,192
2020-04-24T03:31:13-05:00,224838,192
2020-04-24T04:01:19-05:00,224838,192
2020-04-24T04:31:25-05:00,224838,192
2020-04-24T05:01:31-05:00,224838,192
2020-04-24T05:31:37-05:00,224838,192
2020-04-24T06:01:43-05:00,224932,192
2020-04-24T06:31:49-05:00,224932,192
2020-04-24T07:01:56-05:00,224932,192
2020-04-24T07:32:02-05:00,224932,192
2020-04-24T08:02:08-05:00,224932,192
2020-04-24T08:32:14-05:00,224932,192
2020-04-24T09:02:20-05:00,224932,192
2020-04-24T09:32:26-05:00,224932,192
2020-04-24T10:02:34-05:00,224954,193
2020-04-24T10:32:41-05:00,224954,193
2020-04-24T11:02:47-05:00,224954,193
2020-04-24T11:32:53-05:00,224954,193
2020-04-24T12:02:59-05:00,224954,193
2020-04-24T12:33:05-05:00,224954,193
2020-04-24T13:03:11-05:00,224954,193
2020-04-24T13:33:17-05:00,224954,193
2020-04-24T14:03:24-05:00,224987,190
2020-04-24T14:33:30-05:00,224987,190
2020-04-24T15:03:37-05:00,224987,190
2020-04-24T15:33:44-05:00,224987,190
2020-04-24T16:03:50-05:00,224987,190
2020-04-24T16:33:56-05:00,224987,190
2020-04-24T17:04:02-05:00,224987,190
2020-04-24T17:34:08-05:00,224987,190
2020-04-24T18:04:15-05:00,225017,187
2020-04-24T18:34:21-05:00,225017,187
2020-04-24T19:04:27-05:00,225017,187
2020-04-24T19:34:33-05:00,225017,187
2020-04-24T20:04:39-05:00,225017,187
2020-04-24T20:34:45-05:00,225017,187
2020-04-24T21:04:51-05:00,225017,187
2020-04-24T21:34:57-05:00,225017,187
2020-04-24T22:05:04-05:00,225068,184
2020-04-24T22:35:10-05:00,225068,184
2020-04-24T23:05:16-05:00,225068,184
2020-04-24T23:35:22-05:00,225068,184
2020-04-25T00:05:28-05:00,225068,184
2020-04-25T00:35:34-05:00,225068,184
2020-04-25T01:05:40-05:00,225068,184
2020-04-25T01:35:46-05:00,225068,184
2020-04-25T02:05:55-05:00,225156,183
2020-04-25T02:36:01-05:00,225156,183
2020-04-25T03:06:07-05:00,225156,183
2020-04-25T03:36:13-05:00,225156,183
2020-04-25T04:06:19-05:00,225156,183
2020-04-25T04:36:25-05:00,225156,183
2020-04-25T05:06:31-05:00,225156,183
2020-04-25T05:36:37-05:00,225156,183
2020-04-25T06:06:43-05:00,225194,183
2020-04-25T06:36:50-05:00,225194,183
2020-04-25T07:06:56-05:00,225194,183
2020-04-25T07:37:02-05:00,225194,183
2020-04-25T08:07:08-05:00,225194,183
2020-04-25T08:37:14-05:00,225194,183
2020-04-25T09:07:20-05:00,225194,183
2020-04-25T09:37:26-05:00,225194,183
2020-04-25T10:07:32-05:00,225248,183
2020-04-25T10:37:38-05:00,225248,183
2020-04-25T11:07:44-05:00,225248,183
2020-04-25T11:37:50-05:00,225248,183
2020-04-25T12:07:56-05:00,225248,183
2020-04-25T12:38:02-05:00,225248,183
2020-04-25T13:08:08-05:00,225248,183
2020-04-25T13:38:14-05:00,225248,183
2020-04-25T14:08:20-05:00,225353,182
2020-04-25T14:38:27-05:00,225353,182
2020-04-25T15:08:33-05:00,225353,182
2020-04-25T15:38:39-05:00,225353,182
2020-04-25T16:08:46-05:00,225353,182
2020-04-25T16:38:52-05:00,225353,182
2020-04-25T17:08:58-05:00,225353,182
2020-04-25T17:39:04-05:00,225353,182
2020-04-25T18:09:10-05:00,225476,183
2020-04-25T18:39:16-05:00,225476,183
2020-04-25T19:09:22-05:00,225476,183
2020-04-25T19:39:28-05:00,225476,183
2020-04-25T20:09:34-05:00,225476,183
2020-04-25T20:39:40-05:00,225476,183
2020-04-25T21:09:46-05:00,225476,183
2020-04-25T21:39:52-05:00,225476,183
2020-04-25T22:09:59-05:00,225516,184
2020-04-25T22:40:05-05:00,225516,184
2020-04-25T23:10:11-05:00,225516,184
2020-04-25T23:40:17-05:00,225516,184
2020-04-26T00:10:23-05:00,225516,184
2020-04-26T00:40:29-05:00,225516,184
2020-04-26T01:10:35-05:00,225516,184
2020-04-26T01:40:41-05:00,225516,184
2020-04-26T02:10:49-05:00,225712,182
2020-04-26T02:40:56-05:00,225712,182
2020-04-26T03:11:02-05:00,225712,182
2020-04-26T03:41:08-05:00,225712,182
2020-04-26T04:11:14-05:00,225712,182
2020-04-26T04:41:20-05:00,225712,182
2020-04-26T05:11:26-05:00,225712,182
2020-04-26T05:41:32-05:00,225712,182
2020-04-26T06:11:38-05:00,225827,182
2020-04-26T06:41:44-05:00,225827,182
2020-04-26T07:11:50-05:00,225827,182
2020-04-26T07:41:56-05:00,225827,182
2020-04-26T08:12:02-05:00,225827,182
2020-04-26T08:42:08-05:00,225827,182
2020-04-26T09:12:14-05:00,225827,182
2020-04-26T09:42:20-05:00,225827,182
2020-04-26T10:12:27-05:00,226074,181
2020-04-26T10:42:33-05:00,226074,181
2020-04-26T11:12:39-05:00,226074,181
2020-04-26T11:42:45-05:00,226074,181
2020-04-26T12:12:51-05:00,226074,181
2020-04-26T12:42:57-05:00,226074,181
2020-04-26T13:13:03-05:00,226074,181
2020-04-26T13:43:09-05:00,226074,181
2020-04-26T14:13:16-05:00,226209,180
2020-04-26T14:43:22-05:00,226209,180
2020-04-26T15:13:28-05:00,226209,180
2020-04-26T15:43:34-05:00,226209,180
2020-04-26T16:13:40-05:00,226209,180
2020-04-26T16:43:46-05:00,226209,180
2020-04-26T17:13:52-05:00,226209,180
2020-04-26T17:43:58-05:00,226209,180
2020-04-26T18:14:05-05:00,226346,180
2020-04-26T18:44:11-05:00,226346,180
2020-04-26T19:14:17-05:00,226346,180
2020-04-26T19:44:23-05:00,226346,180
2020-04-26T20:14:29-05:00,226346,180
2020-04-26T20:44:35-05:00,226346,180
2020-04-26T21:14:41-05:00,226346,180
2020-04-26T21:44:47-05:00,226346,180
2020-04-26T22:14:53-05:00,226329,180
2020-04-26T22:44:59-05:00,226329,180
2020-04-26T23:15:05-05:00,226329,180
2020-04-26T23:45:11-05:00,226329,180
2020-04-27T00:15:17-05:00,226329,180
2020-04-27T00:45:23-05:00,226329,180
2020-04-27T01:15:29-05:00,226329,180
2020-04-27T01:45:35-05:00,226329,180
2020-04-27T02:15:41-05:00,226383,180
2020-04-27T02:45:47-05:00,226383,180
2020-04-27T03:15:53-05:00,226383,180
2020-04-27T03:45:59-05:00,226383,180
2020-04-27T04:16:05-05:00,226383,180
2020-04-27T04:46:11-05:00,226383,180
2020-04-27T05:16:17-05:00,226383,180
2020-04-27T05:46:23-05:00,226383,180
2020-04-27T06:16:29-05:00,226351,180
2020-04-27T06:46:36-05:00,226351,180
2020-04-27T07:16:42-05:00,226351,180
2020-04-27T07:46:48-05:00,226351,180
2020-04-27T08:16:54-05:00,226351,180
2020-04-27T08:47:00-05:00,226351,180
2020-04-27T09:17:06-05:00,226351,180
2020-04-27T09:47:13-05:00,226351,180
2020-04-27T10:17:19-05:00,226399,179
2020-04-27T10:47:25-05:00,226399,179
2020-04-27T11:17:31-05:00,226399,179
2020-04-27T11:47:37-05:00,226399,179
2020-04-27T12:17:43-05:00,226399,179
2020-04-27T12:47:49-05:00,226399,179
2020-04-27T13:17:55-05:00,226399,179
2020-04-27T13:48:01-05:00,226399,179
2020-04-27T14:18:07-05:00,226351,179
2020-04-27T14:48:14-05:00,226351,179
2020-04-27T15:18:20-05:00,226351,179
2020-04-27T15:48:26-05:00,226351,179
2020-04-27T16:18:32-05:00,226351,179
2020-04-27T16:50:44-05:00,226351,179
2020-04-27T17:20:50-05:00,226351,179
2020-04-27T17:50:51-05:00,,
2020-04-27T18:21:16-05:00,,
2020-04-27T18:21:35-05:00,,
2020-04-27T18:52:00-05:00,,
2020-04-27T19:22:01-05:00,,
2020-04-27T19:52:02-05:00,,
2020-04-27T20:22:03-05:00,,
2020-04-27T20:52:04-05:00,,
2020-04-27T21:22:05-05:00,,
2020-04-27T21:52:06-05:00,,
2020-04-27T22:22:07-05:00,,
2020-04-27T22:52:08-05:00,,
2020-04-27T23:22:09-05:00,,
2020-04-27T23:52:10-05:00,,
2020-04-28T00:22:11-05:00,,
2020-04-28T00:52:12-05:00,,
2020-04-28T01:22:13-05:00,,
2020-04-28T01:52:14-05:00,,
2020-04-28T02:22:15-05:00,,
2020-04-28T02:52:16-05:00,,
2020-04-28T03:22:17-05:00,,
2020-04-28T03:52:18-05:00,,
2020-04-28T04:22:19-05:00,,
2020-04-28T04:52:20-05:00,,
2020-04-28T05:22:21-05:00,,
2020-04-28T05:52:22-05:00,,
2020-04-28T06:22:23-05:00,,
2020-04-28T06:52:24-05:00,,
2020-04-28T07:22:25-05:00,,
2020-04-28T07:52:26-05:00,,
2020-04-28T08:22:27-05:00,,
2020-04-28T08:52:28-05:00,,
2020-04-28T09:22:29-05:00,,
2020-04-28T09:52:30-05:00,,
2020-04-28T10:22:31-05:00,,
2020-04-28T10:52:32-05:00,,
2020-04-28T11:22:33-05:00,,
2020-04-28T11:52:34-05:00,,
2020-04-28T12:22:35-05:00,,
2020-04-28T12:52:36-05:00,,
2020-04-28T13:22:37-05:00,,
2020-04-28T13:52:38-05:00,,
2020-04-28T14:22:39-05:00,,
2020-04-28T14:52:40-05:00,,
2020-04-28T15:22:41-05:00,,
2020-04-28T15:52:42-05:00,,
2020-04-28T16:22:43-05:00,,
2020-04-28T16:52:44-05:00,,
2020-04-28T17:22:45-05:00,,
2020-04-28T17:52:46-05:00,,
2020-04-28T18:22:47-05:00,,
2020-04-28T18:52:48-05:00,,
2020-04-28T19:22:49-05:00,,
2020-04-28T19:52:50-05:00,,
2020-04-28T20:22:51-05:00,,
2020-04-28T20:52:52-05:00,,
2020-04-28T21:22:53-05:00,,
2020-04-28T21:52:54-05:00,,
2020-04-28T22:22:55-05:00,,
2020-04-28T22:52:56-05:00,,
2020-04-28T23:22:57-05:00,,
2020-04-28T23:52:58-05:00,,
2020-04-29T00:22:59-05:00,,
2020-04-29T00:53:00-05:00,,
2020-04-29T01:23:01-05:00,,
2020-04-29T01:53:02-05:00,,
2020-04-29T02:23:03-05:00,,
2020-04-29T02:53:04-05:00,,
2020-04-29T03:23:05-05:00,,
2020-04-29T03:53:06-05:00,,
2020-04-29T04:23:07-05:00,,
2020-04-29T04:53:08-05:00,,
2020-04-29T05:23:09-05:00,,
2020-04-29T05:53:10-05:00,,
2020-04-29T06:23:11-05:00,,
2020-04-29T06:53:12-05:00,,
2020-04-29T07:23:13-05:00,,
2020-04-29T07:53:14-05:00,,
2020-04-29T08:23:15-05:00,,
2020-04-29T08:53:16-05:00,,
2020-04-29T09:23:17-05:00,,
2020-04-29T09:53:18-05:00,,
2020-04-29T10:23:19-05:00,,
2020-04-29T10:53:20-05:00,,
2020-04-29T11:23:21-05:00,,
2020-04-29T11:53:22-05:00,,
2020-04-29T12:23:23-05:00,,
2020-04-29T12:53:24-05:00,,
2020-04-29T13:23:25-05:00,,
2020-04-29T13:53:26-05:00,,
2020-04-29T14:23:27-05:00,,
2020-04-29T14:53:28-05:00,,
2020-04-29T15:23:29-05:00,,
2020-04-29T15:53:30-05:00,,
2020-04-29T16:23:31-05:00,,
2020-04-29T16:53:32-05:00,,
2020-04-29T17:23:33-05:00,,
2020-04-29T17:53:34-05:00,,
2020-04-29T18:23:35-05:00,,
2020-04-29T18:53:36-05:00,,
2020-04-29T19:23:37-05:00,,
2020-04-29T19:53:38-05:00,,
2020-04-29T20:23:39-05:00,,
2020-04-29T20:53:40-05:00,,
2020-04-29T21:23:41-05:00,,
2020-04-29T21:53:42-05:00,,
2020-04-29T22:23:43-05:00,,
2020-04-29T22:53:44-05:00,,
2020-04-29T23:23:45-05:00,,
2020-04-29T23:53:46-05:00,,
2020-04-30T00:23:47-05:00,,
2020-04-30T00:53:48-05:00,,
2020-04-30T01:23:49-05:00,,
2020-04-30T01:53:50-05:00,,
2020-04-30T02:23:51-05:00,,
2020-04-30T02:53:52-05:00,,
2020-04-30T03:23:53-05:00,,
2020-04-30T03:53:54-05:00,,
2020-04-30T04:23:55-05:00,,
2020-04-30T04:53:56-05:00,,
2020-04-30T05:23:57-05:00,,
2020-04-30T05:53:58-05:00,,
2020-04-30T06:23:59-05:00,,
2020-04-30T06:54:00-05:00,,
2020-04-30T07:24:01-05:00,,
2020-04-30T07:54:02-05:00,,
2020-04-30T08:24:03-05:00,,
2020-04-30T08:54:04-05:00,,
2020-04-30T09:24:05-05:00,,
2020-04-30T09:54:06-05:00,,
2020-04-30T10:24:07-05:00,,
2020-04-30T10:54:08-05:00,,
2020-04-30T11:24:09-05:00,,
2020-04-30T11:54:10-05:00,,
2020-04-30T12:24:11-05:00,,
2020-04-30T12:54:12-05:00,,
2020-04-30T13:24:13-05:00,,
2020-04-30T13:54:14-05:00,,
2020-04-30T14:24:15-05:00,,
2020-04-30T14:54:16-05:00,,
2020-04-30T15:24:17-05:00,,
2020-04-30T15:54:18-05:00,,
2020-04-30T16:24:19-05:00,,
2020-04-30T16:54:20-05:00,,
2020-04-30T17:24:21-05:00,,
2020-04-30T17:54:22-05:00,,
2020-04-30T18:24:23-05:00,,
2020-04-30T18:54:24-05:00,,
2020-04-30T19:24:25-05:00,,
2020-04-30T19:54:26-05:00,,
2020-04-30T20:24:27-05:00,,
2020-04-30T20:54:28-05:00,,
2020-04-30T21:24:29-05:00,,
2020-04-30T21:54:30-05:00,,
2020-04-30T22:24:31-05:00,,
2020-04-30T22:54:32-05:00,,
2020-04-30T23:24:33-05:00,,
2020-04-30T23:54:34-05:00,,
2020-05-01T00:24:35-05:00,,
2020-05-01T00:54:36-05:00,,
2020-05-01T01:24:37-05:00,,
2020-05-01T01:54:38-05:00,,
2020-05-01T02:24:39-05:00,,
2020-05-01T02:54:40-05:00,,
2020-05-01T03:24:41-05:00,,
2020-05-01T03:54:42-05:00,,
2020-05-01T04:24:43-05:00,,
2020-05-01T04:54:44-05:00,,
2020-05-01T05:24:45-05:00,,
2020-05-01T05:54:46-05:00,,
2020-05-01T06:24:47-05:00,,
2020-05-01T06:54:48-05:00,,
2020-05-01T07:24:49-05:00,,
2020-05-01T07:54:50-05:00,,
2020-05-01T08:24:51-05:00,,
2020-05-01T08:54:52-05:00,,
2020-05-01T09:24:53-05:00,,
2020-05-01T09:54:54-05:00,,
2020-05-01T10:24:55-05:00,,
2020-05-01T10:54:56-05:00,,
2020-05-01T11:24:57-05:00,,
2020-05-01T11:54:58-05:00,,
2020-05-01T12:24:59-05:00,,
2020-05-01T12:55:00-05:00,,
2020-05-01T13:25:01-05:00,,
2020-05-01T13:55:02-05:00,,
2020-05-01T14:25:03-05:00,,
2020-05-01T14:55:04-05:00,,
2020-05-01T15:25:05-05:00,,
2020-05-01T15:55:06-05:00,,
2020-05-01T16:25:07-05:00,,
2020-05-01T16:55:08-05:00,,
2020-05-01T17:25:09-05:00,,
2020-05-01T17:55:10-05:00,,
2020-05-01T18:25:11-05:00,,
2020-05-01T18:55:12-05:00,,
2020-05-01T19:25:13-05:00,,
2020-05-01T19:55:20-05:00,229624,163
2020-05-01T20:25:25-05:00,229624,163
2020-05-01T20:55:30-05:00,229624,163
2020-05-01T21:25:35-05:00,229624,163
2020-05-01T21:55:40-05:00,229624,163
2020-05-01T22:25:45-05:00,229624,163
2020-05-01T22:55:50-05:00,229624,163
2020-05-01T23:25:55-05:00,229624,163
2020-05-01T23:56:00-05:00,229561,163
2020-05-02T00:26:05-05:00,229561,163
2020-05-02T00:56:10-05:00,229561,163
2020-05-02T01:26:15-05:00,229561,163
2020-05-02T01:56:20-05:00,229561,163
2020-05-02T02:26:27-05:00,229350,162
2020-05-02T02:56:33-05:00,229350,162
2020-05-02T03:26:38-05:00,229350,162
2020-05-02T03:56:43-05:00,229350,162
2020-05-02T04:26:48-05:00,229350,162
2020-05-02T04:56:53-05:00,229350,162
2020-05-02T05:26:58-05:00,229350,162
2020-05-02T05:57:03-05:00,229350,162
2020-05-02T06:27:08-05:00,229238,161
2020-05-02T06:57:13-05:00,229238,161
2020-05-02T07:27:18-05:00,229238,161
2020-05-02T07:57:23-05:00,229238,161
2020-05-02T08:27:28-05:00,229238,161
2020-05-02T08:57:33-05:00,229238,161
2020-05-02T09:27:38-05:00,229238,161
2020-05-02T09:57:43-05:00,229238,161
2020-05-02T10:27:48-05:00,229112,161
2020-05-02T10:57:54-05:00,229112,161
2020-05-02T11:27:59-05:00,229112,161
2020-05-02T11:58:04-05:00,229112,161
2020-05-02T12:28:09-05:00,229112,161
2020-05-02T12:58:14-05:00,229112,161
2020-05-02T13:28:19-05:00,229112,161
2020-05-02T13:58:24-05:00,229112,161
2020-05-02T14:28:29-05:00,229003,161
2020-05-02T14:58:34-05:00,229003,161
2020-05-02T15:28:39-05:00,229003,161
2020-05-02T15:58:44-05:00,229003,161
2020-05-02T16:28:49-05:00,229003,161
2020-05-02T16:58:54-05:00,229003,161
2020-05-02T17:28:59-05:00,229003,161
2020-05-02T17:59:04-05:00,229003,161
2020-05-02T18:29:09-05:00,228885,161
2020-05-02T18:59:14-05:00,228885,161
2020-05-02T19:29:19-05:00,228885,161
2020-05-02T19:59:24-05:00,228885,161
2020-05-02T20:29:29-05:00,228885,161
2020-05-02T20:59:34-05:00,228885,161
2020-05-02T21:29:39-05:00,228885,161
2020-05-02T21:59:44-05:00,228885,161
2020-05-02T22:29:50-05:00,228820,162
2020-05-02T22:59:56-05:00,228820,162
2020-05-02T23:30:01-05:00,228820,162
2020-05-03T00:00:07-05:00,228820,162
2020-05-03T00:30:13-05:00,228820,162
2020-05-03T01:00:18-05:00,228820,162
2020-05-03T01:13:58-05:00,,162
2020-05-03T01:44:26-05:00,228820,162
2020-05-03T02:14:32-05:00,228644,162
2020-05-03T02:44:37-05:00,228644,162
2020-05-03T03:14:42-05:00,228644,162
2020-05-03T03:44:47-05:00,228644,162
2020-05-03T04:14:52-05:00,228644,162
2020-05-03T04:44:56-05:00,228644,162
2020-05-03T05:15:02-05:00,228644,162
2020-05-03T05:45:07-05:00,228644,162
2020-05-03T06:15:13-05:00,228603,162
2020-05-03T06:45:18-05:00,228603,162
2020-05-03T07:15:22-05:00,228603,162
2020-05-03T07:45:28-05:00,228603,162
2020-05-03T08:15:32-05:00,228603,162
2020-05-03T08:45:38-05:00,228603,162
2020-05-03T09:15:43-05:00,228603,162
2020-05-03T09:45:48-05:00,228603,162
2020-05-03T10:15:53-05:00,228490,162
2020-05-03T10:45:58-05:00,228490,162
2020-05-03T11:16:03-05:00,228490,162
2020-05-03T11:46:08-05:00,228490,162
2020-05-03T12:16:13-05:00,228490,162
2020-05-03T12:46:18-05:00,228490,162
2020-05-03T13:16:22-05:00,228490,162
2020-05-03T13:46:28-05:00,228490,162
2020-05-03T14:16:33-05:00,228354,162
2020-05-03T14:46:38-05:00,228354,162
2020-05-03T15:16:48-05:00,228354,162
2020-05-03T15:46:54-05:00,228354,162
2020-05-03T16:17:00-05:00,228354,162
2020-05-03T16:47:05-05:00,228354,162
2020-05-03T17:17:10-05:00,228354,162
2020-05-03T17:47:15-05:00,228354,162
2020-05-03T18:17:21-05:00,228217,159
2020-05-03T18:47:27-05:00,228217,159
2020-05-03T19:17:32-05:00,228217,159
2020-05-03T19:47:37-05:00,228217,159
2020-05-03T20:17:42-05:00,228217,159
2020-05-03T20:47:47-05:00,228217,159
2020-05-03T21:17:52-05:00,228217,159
2020-05-03T21:47:57-05:00,228217,159
2020-05-03T22:18:02-05:00,228088,156
2020-05-03T22:48:07-05:00,228088,156
2020-05-03T23:18:12-05:00,228088,156
2020-05-03T23:48:17-05:00,228088,156
2020-05-04T00:18:22-05:00,228088,156
2020-05-04T00:48:27-05:00,228088,156
2020-05-04T01:18:32-05:00,228088,156
2020-05-04T01:48:37-05:00,228088,156
2020-05-04T02:18:42-05:00,227875,154
2020-05-04T02:48:48-05:00,227875,154
2020-05-04T03:18:53-05:00,227875,154
2020-05-04T03:48:58-05:00,227875,154
2020-05-04T04:19:03-05:00,227875,154
2020-05-04T04:49:08-05:00,227875,154
2020-05-04T05:19:13-05:00,227875,154
2020-05-04T05:49:18-05:00,227875,154
2020-05-04T06:19:23-05:00,227845,153
2020-05-04T06:49:28-05:00,227845,153
2020-05-04T07:19:33-05:00,227845,153
2020-05-04T07:49:38-05:00,227845,153
2020-05-04T08:19:42-05:00,227845,153
2020-05-04T08:49:48-05:00,227845,153
2020-05-04T09:19:53-05:00,227845,153
2020-05-04T09:49:58-05:00,227845,153
2020-05-04T10:20:03-05:00,227771,153
2020-05-04T10:50:08-05:00,227771,153
2020-05-04T11:20:13-05:00,227771,153
2020-05-04T11:50:18-05:00,227771,153
2020-05-04T12:20:22-05:00,227771,153
2020-05-04T12:50:28-05:00,227771,153
2020-05-04T13:20:33-05:00,227771,153
2020-05-04T13:50:38-05:00,227771,153
2020-05-04T14:20:43-05:00,227706,153
2020-05-04T14:50:48-05:00,227706,153
2020-05-04T15:20:53-05:00,227706,153
2020-05-04T15:50:58-05:00,227706,153
2020-05-04T16:21:03-05:00,227706,153
2020-05-04T16:51:08-05:00,227706,153
2020-05-04T17:21:13-05:00,227706,153
2020-05-04T17:51:18-05:00,227706,153
2020-05-04T18:21:23-05:00,227616,153
2020-05-04T18:51:29-05:00,227616,153
2020-05-04T19:21:34-05:00,227616,153
2020-05-04T19:51:39-05:00,227616,153
2020-05-04T20:21:44-05:00,227616,153
2020-05-04T20:51:49-05:00,227616,153
2020-05-04T21:21:54-05:00,227616,153
2020-05-04T21:51:59-05:00,227616,153
2020-05-04T22:22:05-05:00,227527,152
2020-05-04T22:52:10-05:00,227527,152
2020-05-04T23:22:15-05:00,227527,152
2020-05-04T23:52:20-05:00,227527,152
2020-05-05T00:22:25-05:00,227527,152
2020-05-05T00:52:30-05:00,227527,152
2020-05-05T01:22:35-05:00,227527,152
2020-05-05T01:52:40-05:00,227527,152
2020-05-05T02:22:45-05:00,227310,151
2020-05-05T02:52:50-05:00,227310,151
2020-05-05T03:22:55-05:00,227310,151
2020-05-05T03:53:00-05:00,227310,151
2020-05-05T04:23:05-05:00,227310,151
2020-05-05T04:53:10-05:00,227310,151
2020-05-05T05:23:15-05:00,227310,151
2020-05-05T05:53:20-05:00,227310,151
2020-05-05T06:23:25-05:00,227284,151
2020-05-05T06:53:30-05:00,227284,151
2020-05-05T07:23:35-05:00,227284,151
2020-05-05T07:53:40-05:00,227284,151
2020-05-05T08:23:45-05:00,227284,151
2020-05-05T08:53:50-05:00,227284,151
2020-05-05T09:23:55-05:00,227284,151
2020-05-05T09:54:00-05:00,227284,151
2020-05-05T10:24:05-05:00,227209,151
2020-05-05T10:54:11-05:00,227209,151
2020-05-05T11:24:16-05:00,227209,151
2020-05-05T11:54:21-05:00,227209,151
2020-05-05T12:24:26-05:00,227209,151
2020-05-05T12:54:31-05:00,227209,151
2020-05-05T13:24:36-05:00,227209,151
2020-05-05T13:54:41-05:00,227209,151
2020-05-05T14:24:46-05:00,227218,151
2020-05-05T14:54:52-05:00,227218,151
2020-05-05T15:24:57-05:00,227218,151
2020-05-05T15:55:02-05:00,227218,151
2020-05-05T16:25:07-05:00,227218,151
2020-05-05T16:55:12-05:00,227218,151
2020-05-05T17:25:17-05:00,227218,151
2020-05-05T17:55:22-05:00,227218,151
2020-05-05T18:25:27-05:00,227230,150
2020-05-05T18:55:33-05:00,227230,150
2020-05-05T19:25:38-05:00,227230,150
2020-05-05T19:55:43-05:00,227230,150
2020-05-05T20:25:48-05:00,227230,150
2020-05-05T20:55:53-05:00,227230,150
2020-05-05T21:25:58-05:00,227230,150
2020-05-05T21:56:03-05:00,227230,150
2020-05-05T22:26:08-05:00,227239,150
2020-05-05T22:56:13-05:00,227239,150
2020-05-05T23:26:18-05:00,227239,150
2020-05-05T23:56:23-05:00,227239,150
2020-05-06T00:26:28-05:00,227239,150
2020-05-06T00:56:33-05:00,227239,150
2020-05-06T01:26:38-05:00,227239,150
2020-05-06T01:56:43-05:00,227239,150
2020-05-06T02:26:48-05:00,227089,151
2020-05-06T02:56:53-05:00,227089,151
2020-05-06T03:26:58-05:00,227089,151
2020-05-06T03:57:03-05:00,227089,151
2020-05-06T04:27:08-05:00,227089,151
2020-05-06T04:57:13-05:00,227089,151
2020-05-06T05:27:18-05:00,227089,151
2020-05-06T05:57:22-05:00,227089,151
2020-05-06T06:27:28-05:00,227122,151
2020-05-06T06:57:33-05:00,227122,151
2020-05-06T07:27:38-05:00,227122,151
2020-05-06T07:57:43-05:00,227122,151
2020-05-06T08:27:48-05:00,227122,151
2020-05-06T08:57:53-05:00,227122,151
2020-05-06T09:27:58-05:00,227122,151
2020-05-06T09:58:03-05:00,227122,151
2020-05-06T10:28:08-05:00,227014,150
2020-05-06T10:58:13-05:00,227014,150
2020-05-06T11:28:18-05:00,227014,150
2020-05-06T11:58:22-05:00,227014,150
2020-05-06T12:28:28-05:00,227014,150
2020-05-06T12:58:33-05:00,227014,150
2020-05-06T13:28:38-05:00,227014,150
2020-05-06T13:58:43-05:00,227014,150
2020-05-06T14:28:48-05:00,226919,151
2020-05-06T14:58:53-05:00,226919,151
2020-05-06T15:28:58-05:00,226919,151
2020-05-06T15:59:03-05:00,226919,151
2020-05-06T16:29:08-05:00,226919,151
2020-05-06T16:59:12-05:00,226919,151
2020-05-06T17:29:18-05:00,226919,151
2020-05-06T17:59:22-05:00,226919,151
2020-05-06T18:29:40-05:00,226841,151
2020-05-06T18:59:45-05:00,226841,151
2020-05-06T19:29:50-05:00,226841,151
2020-05-06T19:59:55-05:00,226841,151
2020-05-06T20:30:00-05:00,226841,151
2020-05-06T21:00:06-05:00,226841,151
2020-05-06T21:30:13-05:00,226841,151
2020-05-06T22:00:19-05:00,226841,151
2020-05-06T22:30:24-05:00,226652,150
2020-05-06T23:00:29-05:00,226652,150
2020-05-06T23:30:34-05:00,226652,150
2020-05-07T00:00:39-05:00,226652,150
2020-05-07T00:30:44-05:00,226652,150
2020-05-07T01:00:49-05:00,226652,150
2020-05-07T01:30:54-05:00,226652,150
2020-05-07T02:00:59-05:00,226399,150
2020-05-07T02:31:04-05:00,226399,150
2020-05-07T03:01:09-05:00,226399,150
2020-05-07T03:31:14-05:00,226399,150
2020-05-07T04:01:19-05:00,226399,150
2020-05-07T04:31:24-05:00,226399,150
2020-05-07T05:01:29-05:00,226399,150
2020-05-07T05:31:34-05:00,226399,150
2020-05-07T06:01:40-05:00,226331,150
2020-05-07T06:31:46-05:00,226331,150
2020-05-07T07:01:51-05:00,226331,150
2020-05-07T07:31:56-05:00,226331,150
2020-05-07T08:02:01-05:00,226331,150
2020-05-07T08:32:06-05:00,226331,150
2020-05-07T09:02:11-05:00,226331,150
2020-05-07T09:32:16-05:00,226331,150
2020-05-07T10:02:21-05:00,226240,149
2020-05-07T10:32:26-05:00,226240,149
2020-05-07T11:02:31-05:00,226240,149
2020-05-07T11:32:36-05:00,226240,149
2020-05-07T12:02:40-05:00,226240,149
2020-05-07T12:32:46-05:00,226240,149
2020-05-07T13:02:51-05:00,226240,149
2020-05-07T13:32:56-05:00,226240,149
2020-05-07T14:03:01-05:00,226140,149
2020-05-07T14:33:06-05:00,226140,149
2020-05-07T15:03:11-05:00,226140,149
2020-05-07T15:33:16-05:00,226140,149
2020-05-07T16:03:21-05:00,226140,149
2020-05-07T16:33:26-05:00,226140,149
2020-05-07T17:03:31-05:00,226140,149
2020-05-07T17:33:36-05:00,226140,149
2020-05-07T18:03:41-05:00,225966,149
2020-05-07T18:33:47-05:00,225966,149
2020-05-07T19:03:53-05:00,225966,149
2020-05-07T19:33:58-05:00,225966,149
2020-05-07T20:04:03-05:00,225966,149
2020-05-07T20:34:08-05:00,225966,149
2020-05-07T21:04:13-05:00,225966,149
2020-05-07T21:34:18-05:00,225966,149
2020-05-07T22:04:23-05:00,225827,148
2020-05-07T22:34:28-05:00,225827,148
2020-05-07T23:04:32-05:00,225827,148
2020-05-07T23:34:38-05:00,225827,148
2020-05-08T00:04:43-05:00,225827,148
2020-05-08T00:34:48-05:00,225827,148
2020-05-08T01:04:53-05:00,225827,148
2020-05-08T01:34:58-05:00,225827,148
2020-05-08T02:05:03-05:00,225635,149
2020-05-08T02:35:08-05:00,225635,149
2020-05-08T03:05:13-05:00,225635,149
2020-05-08T03:35:18-05:00,225635,149
2020-05-08T04:05:22-05:00,225635,149
2020-05-08T04:35:28-05:00,225635,149
2020-05-08T05:05:33-05:00,225635,149
2020-05-08T05:35:38-05:00,225635,149
2020-05-08T06:05:43-05:00,225522,149
2020-05-08T06:35:48-05:00,225522,149
2020-05-08T07:05:53-05:00,225522,149
2020-05-08T07:35:58-05:00,225522,149
2020-05-08T08:06:03-05:00,225522,149
2020-05-08T08:36:08-05:00,225522,149
2020-05-08T09:06:13-05:00,225522,149
2020-05-08T09:36:18-05:00,225522,149
2020-05-08T10:06:23-05:00,225353,149
2020-05-08T10:36:29-05:00,225353,149
2020-05-08T11:06:34-05:00,225353,149
2020-05-08T11:36:39-05:00,225353,149
2020-05-08T12:06:44-05:00,225353,149
2020-05-08T12:36:49-05:00,225353,149
2020-05-08T13:06:54-05:00,225353,149
2020-05-08T13:36:59-05:00,225353,149
2020-05-08T14:07:04-05:00,225227,148
2020-05-08T14:37:09-05:00,225227,148
2020-05-08T15:07:14-05:00,225227,148
2020-05-08T15:37:19-05:00,225227,148
2020-05-08T16:07:24-05:00,225227,148
2020-05-08T16:37:29-05:00,225227,148
2020-05-08T17:07:34-05:00,225227,148
2020-05-08T17:37:39-05:00,225227,148
2020-05-08T18:07:45-05:00,225035,144
2020-05-08T18:37:51-05:00,225035,144
2020-05-08T19:07:56-05:00,225035,144
2020-05-08T19:38:01-05:00,225035,144
2020-05-08T20:08:06-05:00,225035,144
2020-05-08T20:38:11-05:00,225035,144
2020-05-08T21:08:16-05:00,225035,144
2020-05-08T21:38:21-05:00,225035,144
2020-05-08T22:08:26-05:00,224949,144
2020-05-08T22:38:32-05:00,224949,144
2020-05-08T23:08:38-05:00,224949,144
2020-05-08T23:38:43-05:00,224949,144
2020-05-09T00:08:48-05:00,224949,144
2020-05-09T00:38:53-05:00,224949,144
2020-05-09T01:08:58-05:00,224949,144
2020-05-09T01:39:03-05:00,224949,144
2020-05-09T02:09:08-05:00,224716,142
2020-05-09T02:39:14-05:00,224716,142
2020-05-09T03:09:19-05:00,224716,142
2020-05-09T03:39:24-05:00,224716,142
2020-05-09T04:09:29-05:00,224716,142
2020-05-09T04:39:34-05:00,224716,142
2020-05-09T05:09:39-05:00,224716,142
2020-05-09T05:39:44-05:00,224716,142
2020-05-09T06:09:49-05:00,224640,142
2020-05-09T06:39:54-05:00,224640,142
2020-05-09T07:09:59-05:00,224640,142
2020-05-09T07:40:04-05:00,224640,142
2020-05-09T08:10:09-05:00,224640,142
2020-05-09T08:40:14-05:00,224640,142
2020-05-09T09:10:19-05:00,224640,142
2020-05-09T09:40:24-05:00,224640,142
2020-05-09T10:10:30-05:00,224546,140
2020-05-09T10:40:35-05:00,224546,140
2020-05-09T11:10:40-05:00,224546,140
2020-05-09T11:40:45-05:00,224546,140
2020-05-09T12:10:50-05:00,224546,140
2020-05-09T12:40:55-05:00,224546,140
2020-05-09T13:11:00-05:00,224546,140
2020-05-09T13:41:05-05:00,224546,140
2020-05-09T14:11:11-05:00,224403,140
2020-05-09T14:41:16-05:00,224403,140
2020-05-09T15:11:23-05:00,224403,140
2020-05-09T15:41:29-05:00,224403,140
2020-05-09T16:11:35-05:00,224403,140
2020-05-09T16:41:40-05:00,224403,140
2020-05-09T17:11:45-05:00,224403,140
2020-05-09T17:41:50-05:00,224403,140
2020-05-09T18:11:55-05:00,224254,140
2020-05-09T18:42:00-05:00,224254,140
2020-05-09T19:12:06-05:00,224254,140
2020-05-09T19:42:12-05:00,224254,140
2020-05-09T20:12:18-05:00,224254,140
2020-05-09T20:42:23-05:00,224254,140
2020-05-09T21:12:28-05:00,224254,140
2020-05-09T21:42:33-05:00,224254,140
2020-05-09T22:12:38-05:00,224099,139
2020-05-09T22:42:43-05:00,224099,139
2020-05-09T23:12:48-05:00,224099,139
2020-05-09T23:42:53-05:00,224099,139
2020-05-10T00:12:58-05:00,224099,139
2020-05-10T00:43:03-05:00,224099,139
2020-05-10T01:13:08-05:00,224099,139
2020-05-10T01:43:13-05:00,224099,139
2020-05-10T02:13:20-05:00,223796,138
2020-05-10T02:43:25-05:00,223796,138
2020-05-10T03:13:30-05:00,223796,138
2020-05-10T03:43:35-05:00,223796,138
2020-05-10T04:13:40-05:00,223796,138
2020-05-10T04:43:47-05:00,223796,138
2020-05-10T05:13:52-05:00,223796,138
2020-05-10T05:43:57-05:00,223796,138
2020-05-10T06:14:02-05:00,223703,138
2020-05-10T06:44:08-05:00,223703,138
2020-05-10T07:14:13-05:00,223703,138
2020-05-10T07:44:18-05:00,223703,138
2020-05-10T08:14:23-05:00,223703,138
2020-05-10T08:44:28-05:00,223703,138
2020-05-10T09:14:34-05:00,223703,138
2020-05-10T09:44:39-05:00,223703,138
2020-05-10T10:14:44-05:00,223612,137
2020-05-10T10:44:49-05:00,223612,137
2020-05-10T11:14:54-05:00,223612,137
2020-05-10T11:44:59-05:00,223612,137
2020-05-10T12:15:04-05:00,223612,137
2020-05-10T12:45:09-05:00,223612,137
2020-05-10T13:15:14-05:00,223612,137
2020-05-10T13:45:19-05:00,223612,137
2020-05-10T14:15:25-05:00,223471,137
2020-05-10T14:45:30-05:00,223471,137
2020-05-10T15:15:35-05:00,223471,137
2020-05-10T15:45:40-05:00,223471,137
2020-05-10T16:15:45-05:00,223471,137
2020-05-10T16:45:50-05:00,223471,137
2020-05-10T17:15:56-05:00,223471,137
2020-05-10T17:46:01-05:00,223471,137
2020-05-10T18:16:07-05:00,223251,138
2020-05-10T18:46:13-05:00,223251,138
2020-05-10T19:16:18-05:00,223251,138
2020-05-10T19:46:22-05:00,223251,138
2020-05-10T20:16:29-05:00,223251,138
2020-05-10T20:46:34-05:00,223251,138
2020-05-10T21:16:39-05:00,223251,138
2020-05-10T21:46:44-05:00,223251,138
2020-05-10T22:16:49-05:00,223133,135
2020-05-10T22:46:54-05:00,223133,135
2020-05-10T23:16:59-05:00,223133,135
2020-05-10T23:47:04-05:00,223133,135
2020-05-11T00:17:09-05:00,223133,135
2020-05-11T00:47:14-05:00,223133,135
2020-05-11T01:17:19-05:00,223133,135
2020-05-11T01:47:24-05:00,223133,135
2020-05-11T02:17:30-05:00,222749,136
2020-05-11T02:47:36-05:00,222749,136
2020-05-11T03:17:41-05:00,222749,136
2020-05-11T03:47:46-05:00,222749,136
2020-05-11T04:17:51-05:00,222749,136
2020-05-11T04:47:56-05:00,222749,136
2020-05-11T05:18:01-05:00,222749,136
2020-05-11T05:48:07-05:00,222749,136
2020-05-11T06:18:12-05:00,222557,135
2020-05-11T06:48:18-05:00,222557,135
2020-05-11T07:18:22-05:00,222557,135
2020-05-11T07:48:28-05:00,222557,135
2020-05-11T08:18:33-05:00,222557,135
2020-05-11T08:48:38-05:00,222557,135
2020-05-11T09:18:43-05:00,222557,135
2020-05-11T09:48:48-05:00,222557,135
2020-05-11T10:18:54-05:00,222401,135
2020-05-11T10:48:59-05:00,222401,135
2020-05-11T11:19:04-05:00,222401,135
2020-05-11T11:49:09-05:00,222401,135
2020-05-11T12:19:14-05:00,222401,135
2020-05-11T12:49:19-05:00,222401,135
2020-05-11T13:19:24-05:00,222401,135
2020-05-11T13:49:29-05:00,222401,135
2020-05-11T14:19:35-05:00,222185,135
2020-05-11T14:49:40-05:00,222185,135
2020-05-11T15:19:45-05:00,222185,135
2020-05-11T15:49:50-05:00,222185,135
2020-05-11T16:19:55-05:00,222185,135
2020-05-11T16:50:00-05:00,222185,135
2020-05-11T17:20:05-05:00,222185,135
2020-05-11T17:50:10-05:00,222185,135
2020-05-11T18:20:15-05:00,221937,133
2020-05-11T18:50:20-05:00,221937,133
2020-05-11T19:20:25-05:00,221937,133
2020-05-11T19:50:30-05:00,221937,133
2020-05-11T20:20:35-05:00,221937,133
2020-05-11T20:50:40-05:00,221937,133
2020-05-11T21:20:45-05:00,221937,133
2020-05-11T21:50:50-05:00,221937,133
2020-05-11T22:20:57-05:00,221768,132
2020-05-11T22:51:02-05:00,221768,132
2020-05-11T23:21:07-05:00,221768,132
2020-05-11T23:51:13-05:00,221768,132
2020-05-12T00:21:18-05:00,221768,132
2020-05-12T00:51:22-05:00,221768,132
2020-05-12T01:21:28-05:00,221768,132
2020-05-12T01:51:33-05:00,221768,132
2020-05-12T02:21:38-05:00,221290,133
2020-05-12T02:51:44-05:00,221290,133
2020-05-12T03:21:49-05:00,221290,133
2020-05-12T03:51:54-05:00,221290,133
2020-05-12T04:21:59-05:00,221290,133
2020-05-12T04:52:04-05:00,221290,133
2020-05-12T05:22:09-05:00,221290,133
2020-05-12T05:52:14-05:00,221290,133
2020-05-12T06:22:20-05:00,220961,133
2020-05-12T06:52:25-05:00,220961,133
2020-05-12T07:22:30-05:00,220961,133
2020-05-12T07:52:35-05:00,220961,133
2020-05-12T08:22:40-05:00,220961,133
2020-05-12T08:52:45-05:00,220961,133
2020-05-12T09:22:50-05:00,220961,133
2020-05-12T09:52:55-05:00,220961,133
2020-05-12T10:23:00-05:00,220685,133
2020-05-12T10:53:06-05:00,220685,133
2020-05-12T11:23:11-05:00,220685,133
2020-05-12T11:53:16-05:00,220685,133
2020-05-12T12:23:21-05:00,220685,133
2020-05-12T12:53:26-05:00,220685,133
2020-05-12T13:23:31-05:00,220685,133
2020-05-12T13:53:36-05:00,220685,133
2020-05-12T14:23:42-05:00,220657,133
2020-05-12T14:53:48-05:00,220657,133
2020-05-12T15:23:53-05:00,220657,133
